Year,District,Crop,Predicted_Yield,Rice,Sorghum,Maize,Finger millet,Chickpea,Pigeonpea,Groundnut,Arecanut,Revenue,Cost,Profit
2017,Chitradurga,Rice,6446.817732982692,871.6438179,844.5527457,762.9729095,651.8232076,2186.317341,989.3524439,3595.123292,30356.0,56193.28822082457,92006.24,20380.33644164914
2017,Chitradurga,Sorghum,2325.6113009639303,871.6438179,844.5527457,762.9729095,651.8232076,2186.317341,989.3524439,3595.123292,30356.0,19641.01409660036,60413.47,-21131.44180679928
2017,Chitradurga,Maize,5424.767518011475,871.6438179,844.5527457,762.9729095,651.8232076,2186.317341,989.3524439,3595.123292,30356.0,41389.506565783086,60413.47,22365.54313156617
2017,Chitradurga,Finger millet,2040.7174308791368,871.6438179,844.5527457,762.9729095,651.8232076,2186.317341,989.3524439,3595.123292,30356.0,13301.869816008702,79299.73,-52695.990367982595
2017,Chitradurga,Chickpea,904.6065144341768,871.6438179,844.5527457,762.9729095,651.8232076,2186.317341,989.3524439,3595.123292,30356.0,19777.569092890073,40870.34,-1315.2018142198503
2017,Chitradurga,Pigeonpea,965.335418538157,871.6438179,844.5527457,762.9729095,651.8232076,2186.317341,989.3524439,3595.123292,30356.0,9550.56955513955,45957.39,-26856.2508897209
2017,Chitradurga,Groundnut,1546.1511071106768,871.6438179,844.5527457,762.9729095,651.8232076,2186.317341,989.3524439,3595.123292,30356.0,55586.038581251814,67803.33,43368.74716250363
2017,Chitradurga,Arecanut,3543.2954935147627,871.6438179,844.5527457,762.9729095,651.8232076,2186.317341,989.3524439,3595.123292,30356.0,1075602.7800113414,503137.23,1648068.330022683
2018,Chitradurga,Rice,6485.906029208192,1023.279811,889.4406841,759.9884904,652.5261553,1663.830961,3901.028074,1401.856539,25774.23742,66368.9669573192,92006.24,40731.69391463838
2018,Chitradurga,Sorghum,2495.679385832764,1023.279811,889.4406841,759.9884904,652.5261553,1663.830961,3901.028074,1401.856539,25774.23742,22197.587802293616,60413.47,-16018.29439541277
2018,Chitradurga,Maize,5555.591524003558,1023.279811,889.4406841,759.9884904,652.5261553,1663.830961,3901.028074,1401.856539,25774.23742,42221.856156065,60413.47,24030.242312129994
2018,Chitradurga,Finger millet,2070.26712375522,1023.279811,889.4406841,759.9884904,652.5261553,1663.830961,3901.028074,1401.856539,25774.23742,13509.03446707983,79299.73,-52281.66106584034
2018,Chitradurga,Chickpea,933.2959285280936,1023.279811,889.4406841,759.9884904,652.5261553,1663.830961,3901.028074,1401.856539,25774.23742,15528.466616602853,40870.34,-9813.40676679429
2018,Chitradurga,Pigeonpea,1031.2220047564074,1023.279811,889.4406841,759.9884904,652.5261553,1663.830961,3901.028074,1401.856539,25774.23742,40228.25991081307,45957.39,34499.129821626135
2018,Chitradurga,Groundnut,1530.5437663416767,1023.279811,889.4406841,759.9884904,652.5261553,1663.830961,3901.028074,1401.856539,25774.23742,21456.027870717677,67803.33,-24891.27425856465
2018,Chitradurga,Arecanut,4596.089542681433,1023.279811,889.4406841,759.9884904,652.5261553,1663.830961,3901.028074,1401.856539,25774.23742,1184607.030766505,503137.23,1866076.8315330101
2019,Chitradurga,Rice,6385.462739076992,940.2154587,638.0724715,908.831826,947.5920753,1847.616547,1760.934119,2442.403786,26094.11765,60037.10778233033,92006.24,28067.97556466065
2019,Chitradurga,Sorghum,2058.663715157564,940.2154587,638.0724715,908.831826,947.5920753,1847.616547,1760.934119,2442.403786,26094.11765,13135.76644717959,60413.47,-34141.93710564082
2019,Chitradurga,Maize,5219.419450547559,940.2154587,638.0724715,908.831826,947.5920753,1847.616547,1760.934119,2442.403786,26094.11765,47435.74509901054,60413.47,34458.020198021084
2019,Chitradurga,Finger millet,1994.33471785762,940.2154587,638.0724715,908.831826,947.5920753,1847.616547,1760.934119,2442.403786,26094.11765,18898.157741375424,79299.73,-41503.41451724915
2019,Chitradurga,Chickpea,859.5741390976937,940.2154587,638.0724715,908.831826,947.5920753,1847.616547,1760.934119,2442.403786,26094.11765,15881.634027701786,40870.34,-9107.071944596424
2019,Chitradurga,Pigeonpea,861.9164546476073,940.2154587,638.0724715,908.831826,947.5920753,1847.616547,1760.934119,2442.403786,26094.11765,15177.780927164878,45957.39,-15601.828145670243
2019,Chitradurga,Groundnut,1570.6491894072767,940.2154587,638.0724715,908.831826,947.5920753,1847.616547,1760.934119,2442.403786,26094.11765,38361.59526686164,67803.33,8919.860533723273
2019,Chitradurga,Arecanut,1890.7759746814336,940.2154587,638.0724715,908.831826,947.5920753,1847.616547,1760.934119,2442.403786,26094.11765,493381.30733130744,503137.23,483625.3846626149
2020,Chitradurga,Rice,6462.784620432392,888.77387,1102.109188,839.551281,350.2295497,3197.86258,6907.087049,2851.365331,31529.00777,57439.540980781785,92006.24,22872.841961563565
2020,Chitradurga,Sorghum,2395.0811482609643,888.77387,1102.109188,839.551281,350.2295497,3197.86258,6907.087049,2851.365331,31529.00777,26396.409395039984,60413.47,-7620.651209920034
2020,Chitradurga,Maize,5478.206843362059,888.77387,1102.109188,839.551281,350.2295497,3197.86258,6907.087049,2851.365331,31529.00777,45992.35572927583,60413.47,31571.241458551653
2020,Chitradurga,Finger millet,2052.78796517932,888.77387,1102.109188,839.551281,350.2295497,3197.86258,6907.087049,2851.365331,31529.00777,7189.470046743325,79299.73,-64920.789906513346
2020,Chitradurga,Chickpea,916.3256398519936,888.77387,1102.109188,839.551281,350.2295497,3197.86258,6907.087049,2851.365331,31529.00777,29302.83474777247,40870.34,17735.329495544946
2020,Chitradurga,Pigeonpea,992.2489401847074,888.77387,1102.109188,839.551281,350.2295497,3197.86258,6907.087049,2851.365331,31529.00777,68535.49804133769,45957.39,91113.60608267538
2020,Chitradurga,Groundnut,1539.7757805420767,888.77387,1102.109188,839.551281,350.2295497,3197.86258,6907.087049,2851.365331,31529.00777,43904.63278151142,67803.33,20005.93556302284
2020,Chitradurga,Arecanut,3973.343505681433,888.77387,1102.109188,839.551281,350.2295497,3197.86258,6907.087049,2851.365331,31529.00777,1252755.7826350892,503137.23,2002374.3352701785
2021,Chitradurga,Rice,6425.579635896852,1104.882116,1086.194152,932.7888393,484.2481883,2235.547651,2317.492451,2075.433924,38344.77433,70995.08024636222,92006.24,49983.92049272444
2021,Chitradurga,Sorghum,2233.2071072172903,1104.882116,1086.194152,932.7888393,484.2481883,2235.547651,2317.492451,2075.433924,38344.77433,24256.965000642576,60413.47,-11899.539998714848
2021,Chitradurga,Maize,5353.686063747275,1104.882116,1086.194152,932.7888393,484.2481883,2235.547651,2317.492451,2075.433924,38344.77433,49938.58609379406,60413.47,39463.70218758812
2021,Chitradurga,Finger millet,2024.6620049138169,1104.882116,1086.194152,932.7888393,484.2481883,2235.547651,2317.492451,2075.433924,38344.77433,9804.389077993614,79299.73,-59690.95184401277
2021,Chitradurga,Chickpea,889.0185093098969,1104.882116,1086.194152,932.7888393,484.2481883,2235.547651,2317.492451,2075.433924,38344.77433,19874.432401832615,40870.34,-1121.4751963347662
2021,Chitradurga,Pigeonpea,929.5368330309972,1104.882116,1086.194152,932.7888393,484.2481883,2235.547651,2317.492451,2075.433924,38344.77433,21541.945934757834,45957.39,-2873.4981304843313
2021,Chitradurga,Groundnut,1554.6311446285968,1104.882116,1086.194152,932.7888393,484.2481883,2235.547651,2317.492451,2075.433924,38344.77433,32265.3421686914,67803.33,-3272.6456626172003
2021,Chitradurga,Arecanut,2971.2740859147634,1104.882116,1086.194152,932.7888393,484.2481883,2235.547651,2317.492451,2075.433924,38344.77433,1139328.3429697864,503137.23,1775519.4559395728
2022,Chitradurga,Rice,6480.107256516492,1145.611678,1018.719754,849.5716951,923.1048863,2094.886062,3368.298521,2856.770768,35569.89071,74236.86547757835,92006.24,56467.490955156696
2022,Chitradurga,Sorghum,2470.44968125373,1145.611678,1018.719754,849.5716951,923.1048863,2094.886062,3368.298521,2856.770768,35569.89071,25166.95891556178,60413.47,-10079.552168876442
2022,Chitradurga,Maize,5536.183702567975,1145.611678,1018.719754,849.5716951,923.1048863,2094.886062,3368.298521,2856.770768,35569.89071,47033.84972575669,60413.47,33654.22945151338
2022,Chitradurga,Finger millet,2065.8834087140367,1145.611678,1018.719754,849.5716951,923.1048863,2094.886062,3368.298521,2856.770768,35569.89071,19070.27069110027,79299.73,-41159.18861779945
2022,Chitradurga,Chickpea,929.0398363712768,1145.611678,1018.719754,849.5716951,923.1048863,2094.886062,3368.298521,2856.770768,35569.89071,19462.326042569486,40870.34,-1945.6879148610242
2022,Chitradurga,Pigeonpea,1021.447689326857,1145.611678,1018.719754,849.5716951,923.1048863,2094.886062,3368.298521,2856.770768,35569.89071,34405.4074123852,45957.39,22853.424824770394
2022,Chitradurga,Groundnut,1532.8591249062767,1145.611678,1018.719754,849.5716951,923.1048863,2094.886062,3368.298521,2856.770768,35569.89071,43790.27139494312,67803.33,19777.212789886238
2022,Chitradurga,Arecanut,4439.906900514762,1145.611678,1018.719754,849.5716951,923.1048863,2094.886062,3368.298521,2856.770768,35569.89071,1579270.0321388491,503137.23,2655402.8342776983
2023,Chitradurga,Rice,6580.824643654212,1149.613004,795.1356628,961.3396244,926.0244905,2690.593878,4180.096954,1428.411049,36269.42971,75654.0158738855,92006.24,59301.791747770985
2023,Chitradurga,Sorghum,2908.65791229785,1149.613004,795.1356628,961.3396244,926.0244905,2690.593878,4180.096954,1428.411049,36269.42971,23127.776369534153,60413.47,-14157.917260931696
2023,Chitradurga,Maize,5873.273146999075,1149.613004,795.1356628,961.3396244,926.0244905,2690.593878,4180.096954,1428.411049,36269.42971,56462.10201134697,60413.47,52510.73402269394
2023,Chitradurga,Finger millet,2142.023024522097,1149.613004,795.1356628,961.3396244,926.0244905,2690.593878,4180.096954,1428.411049,36269.42971,19835.657799223438,79299.73,-39628.41440155312
2023,Chitradurga,Chickpea,1002.9628032200168,1149.613004,795.1356628,961.3396244,926.0244905,2690.593878,4180.096954,1428.411049,36269.42971,26985.655782054957,40870.34,13100.971564109917
2023,Chitradurga,Pigeonpea,1191.215252820637,1149.613004,795.1356628,961.3396244,926.0244905,2690.593878,4180.096954,1428.411049,36269.42971,49793.95249873884,45957.39,53630.51499747769
2023,Chitradurga,Groundnut,1492.6442592249168,1149.613004,795.1356628,961.3396244,926.0244905,2690.593878,4180.096954,1428.411049,36269.42971,21321.095521032912,67803.33,-25161.138957934178
2023,Chitradurga,Arecanut,7152.602926314762,1149.613004,795.1356628,961.3396244,926.0244905,2690.593878,4180.096954,1428.411049,36269.42971,2594208.2907951353,503137.23,4685279.35159027
2024,Chitradurga,Rice,6549.6424250630125,1190.147126,1278.61081,818.647622,856.0592391,2287.256886,528.82093,2349.821191,36139.20821,77950.38108516415,92006.24,63894.52217032829
2024,Chitradurga,Sorghum,2772.988141295984,1190.147126,1278.61081,818.647622,856.0592391,2287.256886,528.82093,2349.821191,36139.20821,35455.72613462852,60413.47,10497.982269257045
2024,Chitradurga,Maize,5768.909868326409,1190.147126,1278.61081,818.647622,856.0592391,2287.256886,528.82093,2349.821191,36139.20821,47227.043452377475,60413.47,34040.61690475495
2024,Chitradurga,Finger millet,2118.45011212783,1190.147126,1278.61081,818.647622,856.0592391,2287.256886,528.82093,2349.821191,36139.20821,18135.1879105946,79299.73,-43029.3541788108
2024,Chitradurga,Chickpea,980.0761678862837,1190.147126,1278.61081,818.647622,856.0592391,2287.256886,528.82093,2349.821191,36139.20821,22416.859638023943,40870.34,3963.37927604789
2024,Chitradurga,Pigeonpea,1138.6550204218374,1190.147126,1278.61081,818.647622,856.0592391,2287.256886,528.82093,2349.821191,36139.20821,6021.446068486451,45957.39,-33914.4978630271
2024,Chitradurga,Groundnut,1505.0948277705168,1190.147126,1278.61081,818.647622,856.0592391,2287.256886,528.82093,2349.821191,36139.20821,35367.03720759655,67803.33,2930.7444151930977
2024,Chitradurga,Arecanut,6312.749124981435,1190.147126,1278.61081,818.647622,856.0592391,2287.256886,528.82093,2349.821191,36139.20821,2281377.5500519937,503137.23,4059617.8701039874
2025,Chitradurga,Rice,6541.432777625792,1226.194412,806.5497308,979.7204606,879.7796948,2986.343781,2512.275391,2880.624628,36406.71936,80210.68318398386,92006.24,68415.1263679677
2025,Chitradurga,Sorghum,2737.269034762364,1226.194412,806.5497308,979.7204606,879.7796948,2986.343781,2512.275391,2880.624628,36406.71936,22077.4360311476,60413.47,-16258.597937704799
2025,Chitradurga,Maize,5741.433127991559,1226.194412,806.5497308,979.7204606,879.7796948,2986.343781,2512.275391,2880.624628,36406.71936,56249.99508659989,60413.47,52086.52017319978
2025,Chitradurga,Finger millet,2112.2438411000203,1226.194412,806.5497308,979.7204606,879.7796948,2986.343781,2512.275391,2880.624628,36406.71936,18583.092418661556,79299.73,-42133.545162676885
2025,Chitradurga,Chickpea,974.0505797272936,1226.194412,806.5497308,979.7204606,879.7796948,2986.343781,2512.275391,2880.624628,36406.71936,29088.498911480478,40870.34,17306.65782296096
2025,Chitradurga,Pigeonpea,1124.816974358807,1226.194412,806.5497308,979.7204606,879.7796948,2986.343781,2512.275391,2880.624628,36406.71936,28258.50004060709,45957.39,10559.610081214181
2025,Chitradurga,Groundnut,1508.3728106328767,1226.194412,806.5497308,979.7204606,879.7796948,2986.343781,2512.275391,2880.624628,36406.71936,43450.55866514645,67803.33,19097.787330292893
2025,Chitradurga,Arecanut,6091.632606681434,1226.194412,806.5497308,979.7204606,879.7796948,2986.343781,2512.275391,2880.624628,36406.71936,2217763.5875567626,503137.23,3932389.9451135253
2026,Chitradurga,Rice,6606.959331807524,732.3286775,1177.69676,909.0822138,588.4537135,1428.524564,4283.982899,3525.762409,36789.85783,48384.657897588884,92006.24,4763.075795177763
2026,Chitradurga,Sorghum,3022.3665359031534,732.3286775,1177.69676,909.0822138,588.4537135,1428.524564,4283.982899,3525.762409,36789.85783,35594.312768655676,60413.47,10775.155537311352
2026,Chitradurga,Maize,5960.74292516095,732.3286775,1177.69676,909.0822138,588.4537135,1428.524564,4283.982899,3525.762409,36789.85783,54188.053742980046,60413.47,47962.63748596009
2026,Chitradurga,Finger millet,2161.780140664672,732.3286775,1177.69676,909.0822138,588.4537135,1428.524564,4283.982899,3525.762409,36789.85783,12721.075515446788,79299.73,-53857.57896910642
2026,Chitradurga,Chickpea,1022.1447313941236,732.3286775,1177.69676,909.0822138,588.4537135,1428.524564,4283.982899,3525.762409,36789.85783,14601.588567596877,40870.34,-11667.162864806243
2026,Chitradurga,Pigeonpea,1235.2674513193003,732.3286775,1177.69676,909.0822138,588.4537135,1428.524564,4283.982899,3525.762409,36789.85783,52918.64637143197,45957.39,59879.90274286394
2026,Chitradurga,Groundnut,1482.2090900492854,732.3286775,1177.69676,909.0822138,588.4537135,1428.524564,4283.982899,3525.762409,36789.85783,52259.170919738666,67803.33,36715.01183947733
2026,Chitradurga,Arecanut,7856.507849821865,732.3286775,1177.69676,909.0822138,588.4537135,1428.524564,4283.982899,3525.762409,36789.85783,2890398.068352254,503137.23,5277658.906704508
2027,Chitradurga,Rice,6480.107256516492,1221.316793,1141.481776,713.3812112,646.7099277,2442.245954,1995.104242,2280.104003,37075.00449,79142.6381282475,92006.24,66279.036256495
2027,Chitradurga,Sorghum,2470.44968125373,1221.316793,1141.481776,713.3812112,646.7099277,2442.245954,1995.104242,2280.104003,37075.00449,28199.732896761416,60413.47,-4014.0042064771696
2027,Chitradurga,Maize,5536.183702567975,1221.316793,1141.481776,713.3812112,646.7099277,2442.245954,1995.104242,2280.104003,37075.00449,39494.09435163643,60413.47,18574.718703272854
2027,Chitradurga,Finger millet,2065.8834087140367,1221.316793,1141.481776,713.3812112,646.7099277,2442.245954,1995.104242,2280.104003,37075.00449,13360.273098860842,79299.73,-52579.18380227831
2027,Chitradurga,Chickpea,929.0398363712768,1221.316793,1141.481776,713.3812112,646.7099277,2442.245954,1995.104242,2280.104003,37075.00449,22689.437814825727,40870.34,4508.535629651458
2027,Chitradurga,Pigeonpea,1021.447689326857,1221.316793,1141.481776,713.3812112,646.7099277,2442.245954,1995.104242,2280.104003,37075.00449,20378.946179571107,45957.39,-5199.497640857786
2027,Chitradurga,Groundnut,1532.8591249062767,1221.316793,1141.481776,713.3812112,646.7099277,2442.245954,1995.104242,2280.104003,37075.00449,34950.782267338785,67803.33,2098.234534677569
2027,Chitradurga,Arecanut,4439.906900514762,1221.316793,1141.481776,713.3812112,646.7099277,2442.245954,1995.104242,2280.104003,37075.00449,1646095.682717668,503137.23,2789054.135435336
2028,Chitradurga,Rice,6443.068793280612,1067.257062,1053.036668,962.1348677,838.0262085,2871.571203,1894.321832,2272.092803,37141.36037,68764.1067058055,92006.24,45521.973411611005
2028,Chitradurga,Sorghum,2309.30015269225,1067.257062,1053.036668,962.1348677,838.0262085,2871.571203,1894.321832,2272.092803,37141.36037,24317.77738202938,60413.47,-11777.91523594124
2028,Chitradurga,Maize,5412.220250481075,1067.257062,1053.036668,962.1348677,838.0262085,2871.571203,1894.321832,2272.092803,37141.36037,52072.8581465987,60413.47,43732.2462931974
2028,Chitradurga,Finger millet,2037.8833340392969,1067.257062,1053.036668,962.1348677,838.0262085,2871.571203,1894.321832,2272.092803,37141.36037,17077.996437902908,79299.73,-45143.73712419418
2028,Chitradurga,Chickpea,901.8549265188168,1067.257062,1053.036668,962.1348677,838.0262085,2871.571203,1894.321832,2272.092803,37141.36037,25897.406362751153,40870.34,10924.47272550231
2028,Chitradurga,Pigeonpea,959.0162677242372,1067.257062,1053.036668,962.1348677,838.0262085,2871.571203,1894.321832,2272.092803,37141.36037,18166.854531931793,45957.39,-9623.680936136414
2028,Chitradurga,Groundnut,1547.6479996617168,1067.257062,1053.036668,962.1348677,838.0262085,2871.571203,1894.321832,2272.092803,37141.36037,35163.99881608733,67803.33,2524.6676321746636
2028,Chitradurga,Arecanut,3442.322522314763,1067.257062,1053.036668,962.1348677,838.0262085,2871.571203,1894.321832,2272.092803,37141.36037,1278525.4131105999,503137.23,2053913.5962211997
2029,Chitradurga,Rice,6541.432777625792,927.7025316,978.6528437,944.7270917,888.7816592,1831.625929,2860.869002,2070.617165,37901.15494,60685.037480946674,92006.24,29363.834961893343
2029,Chitradurga,Sorghum,2737.269034762364,927.7025316,978.6528437,944.7270917,888.7816592,1831.625929,2860.869002,2070.617165,37901.15494,26788.361248421414,60413.47,-6836.747503157174
2029,Chitradurga,Maize,5741.433127991559,927.7025316,978.6528437,944.7270917,888.7816592,1831.625929,2860.869002,2070.617165,37901.15494,54240.87421197499,60413.47,48068.278423949974
2029,Chitradurga,Finger millet,2112.2438411000203,927.7025316,978.6528437,944.7270917,888.7816592,1831.625929,2860.869002,2070.617165,37901.15494,18773.23585727857,79299.73,-41753.258285442855
2029,Chitradurga,Chickpea,974.0505797272936,927.7025316,978.6528437,944.7270917,888.7816592,1831.625929,2860.869002,2070.617165,37901.15494,17840.962979859927,40870.34,-5188.414040280142
2029,Chitradurga,Pigeonpea,1124.816974358807,927.7025316,978.6528437,944.7270917,888.7816592,1831.625929,2860.869002,2070.617165,37901.15494,32179.540148665397,45957.39,18401.690297330795
2029,Chitradurga,Groundnut,1508.3728106328767,927.7025316,978.6528437,944.7270917,888.7816592,1831.625929,2860.869002,2070.617165,37901.15494,31232.626329157294,67803.33,-5338.077341685414
2029,Chitradurga,Arecanut,6091.632606681434,927.7025316,978.6528437,944.7270917,888.7816592,1831.625929,2860.869002,2070.617165,37901.15494,2308799.112633891,503137.23,4114460.995267782
2030,Chitradurga,Rice,6502.782840930682,1007.178396,990.5733113,1010.024092,1132.867231,2771.303736,4232.710865,2491.538402,37972.42574,65494.62391264887,92006.24,38983.00782529774
2030,Chitradurga,Sorghum,2569.108195105431,1007.178396,990.5733113,1010.024092,1132.867231,2771.303736,4232.710865,2491.538402,37972.42574,25448.900119135535,60413.47,-9515.669761728932
2030,Chitradurga,Maize,5612.07626064117,1007.178396,990.5733113,1010.024092,1132.867231,2771.303736,4232.710865,2491.538402,37972.42574,56683.32229388852,60413.47,52953.174587777045
2030,Chitradurga,Finger millet,2083.025536151863,1007.178396,990.5733113,1010.024092,1132.867231,2771.303736,4232.710865,2491.538402,37972.42574,23597.913712426514,79299.73,-32103.902575146967
2030,Chitradurga,Chickpea,945.6829058805554,1007.178396,990.5733113,1010.024092,1132.867231,2771.303736,4232.710865,2491.538402,37972.42574,26207.745701381195,40870.34,11545.151402762393
2030,Chitradurga,Pigeonpea,1059.66927972148,1007.178396,990.5733113,1010.024092,1132.867231,2771.303736,4232.710865,2491.538402,37972.42574,44852.73673583833,45957.39,43748.083471676655
2030,Chitradurga,Groundnut,1523.805121348618,1007.178396,990.5733113,1010.024092,1132.867231,2771.303736,4232.710865,2491.538402,37972.42574,37966.18977004352,67803.33,8129.049540087042
2030,Chitradurga,Arecanut,5050.645219599187,1007.178396,990.5733113,1010.024092,1132.867231,2771.303736,4232.710865,2491.538402,37972.42574,1917852.5054031613,503137.23,3332567.7808063226
2031,Chitradurga,Rice,6469.517680769972,1033.108408,1134.827828,850.6432639,1032.52165,2283.772728,3497.669668,2045.287562,38949.51454,66837.13111708118,92006.24,41668.02223416236
2031,Chitradurga,Sorghum,2424.375816678144,1033.108408,1134.827828,850.6432639,1032.52165,2283.772728,3497.669668,2045.287562,38949.51454,27512.491422965843,60413.47,-5388.487154068316
2031,Chitradurga,Maize,5500.741617476209,1033.108408,1134.827828,850.6432639,1032.52165,2283.772728,3497.669668,2045.287562,38949.51454,46791.68803360528,60413.47,33169.906067210555
2031,Chitradurga,Finger millet,2057.87797636691,1033.108408,1134.827828,850.6432639,1032.52165,2283.772728,3497.669668,2045.287562,38949.51454,21248.03563657023,79299.73,-36803.65872685954
2031,Chitradurga,Chickpea,921.2674657896036,1033.108408,1134.827828,850.6432639,1032.52165,2283.772728,3497.669668,2045.287562,38949.51454,21039.655135639696,40870.34,1208.970271279395
2031,Chitradurga,Pigeonpea,1003.5980754318772,1033.108408,1134.827828,850.6432639,1032.52165,2283.772728,3497.669668,2045.287562,38949.51454,35102.545473012535,45957.39,24247.70094602507
2031,Chitradurga,Groundnut,1537.0873756420367,1033.108408,1134.827828,850.6432639,1032.52165,2283.772728,3497.669668,2045.287562,38949.51454,31437.856911078794,67803.33,-4927.616177842414
2031,Chitradurga,Arecanut,4154.690009381434,1033.108408,1134.827828,850.6432639,1032.52165,2283.772728,3497.669668,2045.287562,38949.51454,1618231.5892959489,503137.23,2733325.9485918977
2032,Chitradurga,Rice,6480.107256516492,1151.345931,1167.139218,882.9346031,953.5863564,2567.577714,2927.212247,3289.025509,39034.47922,74608.45122233836,92006.24,57210.662444676724
2032,Chitradurga,Sorghum,2470.44968125373,1151.345931,1167.139218,882.9346031,953.5863564,2567.577714,2927.212247,3289.025509,39034.47922,28833.587090868277,60413.47,-2746.2958182634466
2032,Chitradurga,Maize,5536.183702567975,1151.345931,1167.139218,882.9346031,953.5863564,2567.577714,2927.212247,3289.025509,39034.47922,48880.88160115544,60413.47,37348.29320231087
2032,Chitradurga,Finger millet,2065.8834087140367,1151.345931,1167.139218,882.9346031,953.5863564,2567.577714,2927.212247,3289.025509,39034.47922,19699.9823246283,79299.73,-39899.76535074339
2032,Chitradurga,Chickpea,929.0398363712768,1151.345931,1167.139218,882.9346031,953.5863564,2567.577714,2927.212247,3289.025509,39034.47922,23853.81979285097,40870.34,6837.299585701941
2032,Chitradurga,Pigeonpea,1021.447689326857,1151.345931,1167.139218,882.9346031,953.5863564,2567.577714,2927.212247,3289.025509,39034.47922,29899.94185867427,45957.39,13842.493717348538
2032,Chitradurga,Groundnut,1532.8591249062767,1151.345931,1167.139218,882.9346031,953.5863564,2567.577714,2927.212247,3289.025509,39034.47922,50416.12763520162,67803.33,33028.92527040324
2032,Chitradurga,Arecanut,4439.906900514762,1151.345931,1167.139218,882.9346031,953.5863564,2567.577714,2927.212247,3289.025509,39034.47922,1733094.536468781,503137.23,2963051.842937562
2033,Chitradurga,Rice,6492.786530028199,1105.519596,1170.287949,800.8178979,1112.873985,2698.462441,3574.327994,2121.880682,39705.68785,71779.02741591017,92006.24,51551.81483182033
2033,Chitradurga,Sorghum,2525.615548582005,1105.519596,1170.287949,800.8178979,1112.873985,2698.462441,3574.327994,2121.880682,39705.68785,29556.974403125445,60413.47,-1299.5211937491113
2033,Chitradurga,Maize,5578.619764357457,1105.519596,1170.287949,800.8178979,1112.873985,2698.462441,3574.327994,2121.880682,39705.68785,44674.58552876132,60413.47,28935.701057522645
2033,Chitradurga,Finger millet,2075.468595952728,1105.519596,1170.287949,800.8178979,1112.873985,2698.462441,3574.327994,2121.880682,39705.68785,23097.35007120267,79299.73,-33105.02985759466
2033,Chitradurga,Chickpea,938.34597051662,1105.519596,1170.287949,800.8178979,1112.873985,2698.462441,3574.327994,2121.880682,39705.68785,25320.913581027926,40870.34,9771.487162055855
2033,Chitradurga,Pigeonpea,1042.8196632444335,1105.519596,1170.287949,800.8178979,1112.873985,2698.462441,3574.327994,2121.880682,39705.68785,37273.79515028232,45957.39,28590.20030056464
2033,Chitradurga,Groundnut,1527.7964907802211,1105.519596,1170.287949,800.8178979,1112.873985,2698.462441,3574.327994,2121.880682,39705.68785,32418.018598139424,67803.33,-2967.292803721153
2033,Chitradurga,Arecanut,4781.407170157472,1105.519596,1170.287949,800.8178979,1112.873985,2698.462441,3574.327994,2121.880682,39705.68785,1898490.6058202444,503137.23,3293843.981640489
2034,Chitradurga,Rice,6517.486130550792,1218.384878,1156.124741,712.9252538,869.2715885,1813.502083,2315.511329,2092.546936,40797.7556,79408.06544037818,92006.24,66809.89088075636
2034,Chitradurga,Sorghum,2633.0802928540297,1218.384878,1156.124741,712.9252538,869.2715885,1813.502083,2315.511329,2092.546936,40797.7556,30441.69271608069,60413.47,469.91543216138234
2034,Chitradurga,Maize,5661.286470220725,1218.384878,1156.124741,712.9252538,869.2715885,1813.502083,2315.511329,2092.546936,40797.7556,40360.74093616616,60413.47,20308.011872332325
2034,Chitradurga,Finger millet,2094.1408247291865,1218.384878,1156.124741,712.9252538,869.2715885,1813.502083,2315.511329,2092.546936,40797.7556,18203.7712125504,79299.73,-42892.187574899195
2034,Chitradurga,Chickpea,956.4745955981268,1218.384878,1156.124741,712.9252538,869.2715885,1813.502083,2315.511329,2092.546936,40797.7556,17345.686714537856,40870.34,-6178.966570924284
2034,Chitradurga,Pigeonpea,1084.4529017463071,1218.384878,1156.124741,712.9252538,869.2715885,1813.502083,2315.511329,2092.546936,40797.7556,25110.62979760498,45957.39,4263.869595209959
2034,Chitradurga,Groundnut,1517.9343294828768,1218.384878,1156.124741,712.9252538,869.2715885,1813.502083,2315.511329,2092.546936,40797.7556,31763.488302086083,67803.33,-4276.353395827835
2034,Chitradurga,Arecanut,5446.659815014763,1218.384878,1156.124741,712.9252538,869.2715885,1813.502083,2315.511329,2092.546936,40797.7556,2222114.959693135,503137.23,3941092.6893862705
2035,Chitradurga,Rice,6549.6424250630125,996.3708398,1211.752429,934.9247405,708.7735424,2334.512036,3106.940578,2105.084258,40314.23924,65258.72723449742,92006.24,38511.21446899483
2035,Chitradurga,Sorghum,2772.988141295984,996.3708398,1211.752429,934.9247405,708.7735424,2334.512036,3106.940578,2105.084258,40314.23924,33601.75115803604,60413.47,6790.032316072073
2035,Chitradurga,Maize,5768.909868326409,996.3708398,1211.752429,934.9247405,708.7735424,2334.512036,3106.940578,2105.084258,40314.23924,53934.96561612957,60413.47,47456.46123225914
2035,Chitradurga,Finger millet,2118.45011212783,996.3708398,1211.752429,934.9247405,708.7735424,2334.512036,3106.940578,2105.084258,40314.23924,15015.013903705192,79299.73,-49269.70219258961
2035,Chitradurga,Chickpea,980.0761678862837,996.3708398,1211.752429,934.9247405,708.7735424,2334.512036,3106.940578,2105.084258,40314.23924,22879.996101272856,40870.34,4889.652202545716
2035,Chitradurga,Pigeonpea,1138.6550204218374,996.3708398,1211.752429,934.9247405,708.7735424,2334.512036,3106.940578,2105.084258,40314.23924,35377.334872920255,45957.39,24797.27974584051
2035,Chitradurga,Groundnut,1505.0948277705168,996.3708398,1211.752429,934.9247405,708.7735424,2334.512036,3106.940578,2105.084258,40314.23924,31683.51428736936,67803.33,-4436.301425261285
2035,Chitradurga,Arecanut,6312.749124981435,996.3708398,1211.752429,934.9247405,708.7735424,2334.512036,3106.940578,2105.084258,40314.23924,2544936.7848660224,503137.23,4586736.339732045
2036,Chitradurga,Rice,6579.286163682132,889.167683,1359.709425,834.4318626,921.2621968,1325.438657,1421.313454,2400.022999,40306.5789,58500.886339551995,92006.24,24995.532679103984
2036,Chitradurga,Sorghum,2901.96418635617,889.167683,1359.709425,834.4318626,921.2621968,1325.438657,1421.313454,2400.022999,40306.5789,39458.280552009404,60413.47,18503.091104018808
2036,Chitradurga,Maize,5868.124032493675,889.167683,1359.709425,834.4318626,921.2621968,1325.438657,1421.313454,2400.022999,40306.5789,48965.496664015205,60413.47,37517.52332803041
2036,Chitradurga,Finger millet,2140.8599753472567,889.167683,1359.709425,834.4318626,921.2621968,1325.438657,1421.313454,2400.022999,40306.5789,19722.933639296076,79299.73,-39853.862721407844
2036,Chitradurga,Chickpea,1001.8336138396568,889.167683,1359.709425,834.4318626,921.2621968,1325.438657,1421.313454,2400.022999,40306.5789,13278.689996650912,40870.34,-14312.960006698173
2036,Chitradurga,Pigeonpea,1188.6220164017172,889.167683,1359.709425,834.4318626,921.2621968,1325.438657,1421.313454,2400.022999,40306.5789,16894.044636323695,45957.39,-12169.30072735261
2036,Chitradurga,Groundnut,1493.258550035957,889.167683,1359.709425,834.4318626,921.2621968,1325.438657,1421.313454,2400.022999,40306.5789,35838.54863539688,67803.33,3873.76727079376
2036,Chitradurga,Arecanut,7111.165905114763,889.167683,1359.709425,834.4318626,921.2621968,1325.438657,1421.313454,2400.022999,40306.5789,2866267.6962549808,503137.23,5229398.162509961
2037,Chitradurga,Rice,6516.673627559654,985.0276515,1284.795664,858.9806596,1067.653621,2652.253326,2981.447585,2541.317238,40361.27628,64191.03718947072,92006.24,36375.834378941436
2037,Chitradurga,Sorghum,2629.545198183853,985.0276515,1284.795664,858.9806596,1067.653621,2652.253326,2981.447585,2541.317238,40361.27628,33784.282689186344,60413.47,7155.095378372687
2037,Chitradurga,Maize,5658.567116694339,985.0276515,1284.795664,858.9806596,1067.653621,2652.253326,2981.447585,2541.317238,40361.27628,48605.99714288973,60413.47,36798.524285779466
2037,Chitradurga,Finger millet,2093.526594482094,985.0276515,1284.795664,858.9806596,1067.653621,2652.253326,2981.447585,2541.317238,40361.27628,22351.612492586064,79299.73,-34596.50501482787
2037,Chitradurga,Chickpea,955.8782474065652,985.0276515,1284.795664,858.9806596,1067.653621,2652.253326,2981.447585,2541.317238,40361.27628,25352.31260935113,40870.34,9834.285218702265
2037,Chitradurga,Pigeonpea,1083.0833601303366,985.0276515,1284.795664,858.9806596,1067.653621,2652.253326,2981.447585,2541.317238,40361.27628,32291.56268414277,45957.39,18625.73536828554
2037,Chitradurga,Groundnut,1518.2587491246377,985.0276515,1284.795664,858.9806596,1067.653621,2652.253326,2981.447585,2541.317238,40361.27628,38583.771308947595,67803.33,9364.212617895188
2037,Chitradurga,Arecanut,5424.776069837803,985.0276515,1284.795664,858.9806596,1067.653621,2652.253326,2981.447585,2541.317238,40361.27628,2189508.8571185614,503137.23,3875880.484237123
2038,Chitradurga,Rice,6535.919685715919,1140.095203,1071.211427,1172.336158,1223.837725,1969.158614,4699.631573,2472.932576,40745.73841,74515.70680877987,92006.24,57025.17361755973
2038,Chitradurga,Sorghum,2713.282290049596,1140.095203,1071.211427,1172.336158,1223.837725,1969.158614,4699.631573,2472.932576,40745.73841,29064.989937778555,60413.47,-2283.490124442891
2038,Chitradurga,Maize,5722.981447087091,1140.095203,1071.211427,1172.336158,1223.837725,1969.158614,4699.631573,2472.932576,40745.73841,67092.5808198336,60413.47,73771.6916396672
2038,Chitradurga,Finger millet,2108.0760929895737,1140.095203,1071.211427,1172.336158,1223.837725,1969.158614,4699.631573,2472.932576,40745.73841,25799.430497712485,79299.73,-27700.869004575026
2038,Chitradurga,Chickpea,970.0041670663854,1140.095203,1071.211427,1172.336158,1223.837725,1969.158614,4699.631573,2472.932576,40745.73841,19100.92061194668,40870.34,-2668.498776106637
2038,Chitradurga,Pigeonpea,1115.5241977344815,1140.095203,1071.211427,1172.336158,1223.837725,1969.158614,4699.631573,2472.932576,40745.73841,52425.52740118464,45957.39,58893.66480236928
2038,Chitradurga,Groundnut,1510.5741013627623,1140.095203,1071.211427,1172.336158,1223.837725,1969.158614,4699.631573,2472.932576,40745.73841,37355.47903721901,67803.33,6907.62807443802
2038,Chitradurga,Arecanut,5943.144416719403,1140.095203,1071.211427,1172.336158,1223.837725,1969.158614,4699.631573,2472.932576,40745.73841,2421578.077365008,503137.23,4340018.924730016
2039,Chitradurga,Rice,6485.906029208192,1058.287896,1026.722758,854.9372259,737.5639061,2873.038124,3198.779317,2724.776006,40735.73574,68639.55845304452,92006.24,45272.87690608903
2039,Chitradurga,Sorghum,2495.679385832764,1058.287896,1026.722758,854.9372259,737.5639061,2873.038124,3198.779317,2724.776006,40735.73574,25623.708221059624,60413.47,-9166.053557880754
2039,Chitradurga,Maize,5555.591524003558,1058.287896,1026.722758,854.9372259,737.5639061,2873.038124,3198.779317,2724.776006,40735.73574,47496.82005765155,60413.47,34580.1701153031
2039,Chitradurga,Finger millet,2070.26712375522,1058.287896,1026.722758,854.9372259,737.5639061,2873.038124,3198.779317,2724.776006,40735.73574,15269.543064673122,79299.73,-48760.64387065375
2039,Chitradurga,Chickpea,933.2959285280936,1058.287896,1026.722758,854.9372259,737.5639061,2873.038124,3198.779317,2724.776006,40735.73574,26813.94783635192,40870.34,12757.555672703842
2039,Chitradurga,Pigeonpea,1031.2220047564074,1058.287896,1026.722758,854.9372259,737.5639061,2873.038124,3198.779317,2724.776006,40735.73574,32986.516200500715,45957.39,20015.64240100143
2039,Chitradurga,Groundnut,1530.5437663416767,1058.287896,1026.722758,854.9372259,737.5639061,2873.038124,3198.779317,2724.776006,40735.73574,41703.88930660671,67803.33,15604.448613213419
2039,Chitradurga,Arecanut,4596.089542681433,1058.287896,1026.722758,854.9372259,737.5639061,2873.038124,3198.779317,2724.776006,40735.73574,1872250.890480483,503137.23,3241364.550960966
2040,Chitradurga,Rice,6460.874783225672,992.3366768,483.7895604,877.8069813,1025.268448,2424.636863,2839.044732,3297.47694,39708.83787,64113.63011607083,92006.24,36221.02023214166
2040,Chitradurga,Sorghum,2386.771695367844,992.3366768,483.7895604,877.8069813,1025.268448,2424.636863,2839.044732,3297.47694,39708.83787,11546.95229277172,60413.47,-37319.56541445656
2040,Chitradurga,Maize,5471.814839148458,992.3366768,483.7895604,877.8069813,1025.268448,2424.636863,2839.044732,3297.47694,39708.83787,48031.97266185453,60413.47,35650.47532370906
2040,Chitradurga,Finger millet,2051.34417999676,992.3366768,483.7895604,877.8069813,1025.268448,2424.636863,2839.044732,3297.47694,39708.83787,21031.78463739111,79299.73,-37236.16072521778
2040,Chitradurga,Chickpea,914.9238875177537,992.3366768,483.7895604,877.8069813,1025.268448,2424.636863,2839.044732,3297.47694,39708.83787,22183.581845148114,40870.34,3496.823690296231
2040,Chitradurga,Pigeonpea,989.0297501474272,992.3366768,483.7895604,877.8069813,1025.268448,2424.636863,2839.044732,3297.47694,39708.83787,28078.997019473292,45957.39,10200.604038946585
2040,Chitradurga,Groundnut,1540.538348445437,992.3366768,483.7895604,877.8069813,1025.268448,2424.636863,2839.044732,3297.47694,39708.83787,50798.89679184513,67803.33,33794.46358369026
2040,Chitradurga,Arecanut,3921.904444881433,992.3366768,483.7895604,877.8069813,1025.268448,2424.636863,2839.044732,3297.47694,39708.83787,1557342.6774342917,503137.23,2611548.1248685834
2041,Chitradurga,Rice,6468.990548532611,890.2874401,952.379246,1021.939307,1135.016948,2317.723137,4002.700296,1838.201968,38774.52806,57592.61035484193,92006.24,23178.98070968385
2041,Chitradurga,Sorghum,2422.082332982578,890.2874401,952.379246,1021.939307,1135.016948,2317.723137,4002.700296,1838.201968,38774.52806,23067.409460358685,60413.47,-14278.65107928263
2041,Chitradurga,Maize,5498.97736685292,890.2874401,952.379246,1021.939307,1135.016948,2317.723137,4002.700296,1838.201968,38774.52806,56196.211194903575,60413.47,51978.95238980715
2041,Chitradurga,Finger millet,2057.479478677749,890.2874401,952.379246,1021.939307,1135.016948,2317.723137,4002.700296,1838.201968,38774.52806,23352.740784614496,79299.73,-32594.248430771004
2041,Chitradurga,Chickpea,920.8805695444294,890.2874401,952.379246,1021.939307,1135.016948,2317.723137,4002.700296,1838.201968,38774.52806,21343.462024468616,40870.34,1816.584048937235
2041,Chitradurga,Pigeonpea,1002.7095500429745,890.2874401,952.379246,1021.939307,1135.016948,2317.723137,4002.700296,1838.201968,38774.52806,40135.458127590406,45957.39,34313.52625518081
2041,Chitradurga,Groundnut,1537.2978512383984,890.2874401,952.379246,1021.939307,1135.016948,2317.723137,4002.700296,1838.201968,38774.52806,28258.63935548595,67803.33,-11286.051289028102
2041,Chitradurga,Arecanut,4140.492366193912,890.2874401,952.379246,1021.939307,1135.016948,2317.723137,4002.700296,1838.201968,38774.52806,1605456.374352016,503137.23,2707775.518704032
2042,Chitradurga,Rice,6472.300118093385,1064.969345,987.4025842,775.2251352,1053.037426,2337.779094,4554.581676,2202.63737,39452.27123,68928.01217409334,92006.24,45849.78434818667
2042,Chitradurga,Sorghum,2436.481839005916,1064.969345,987.4025842,775.2251352,1053.037426,2337.779094,4554.581676,2202.63737,39452.27123,24057.8846419081,60413.47,-12297.700716183805
2042,Chitradurga,Maize,5510.054113343792,1064.969345,987.4025842,775.2251352,1053.037426,2337.779094,4554.581676,2202.63737,39452.27123,42715.324449762564,60413.47,25017.178899525126
2042,Chitradurga,Finger millet,2059.9814235951926,1064.969345,987.4025842,775.2251352,1053.037426,2337.779094,4554.581676,2202.63737,39452.27123,21692.375359104975,79299.73,-35914.979281790045
2042,Chitradurga,Chickpea,923.3096754602748,1064.969345,987.4025842,775.2251352,1053.037426,2337.779094,4554.581676,2202.63737,39452.27123,21584.94056578955,40870.34,2299.541131579106
2042,Chitradurga,Pigeonpea,1008.288105806912,1064.969345,987.4025842,775.2251352,1053.037426,2337.779094,4554.581676,2202.63737,39452.27123,45923.305308369105,45957.39,45889.22061673821
2042,Chitradurga,Groundnut,1535.9763922616312,1064.969345,987.4025842,775.2251352,1053.037426,2337.779094,4554.581676,2202.63737,39452.27123,33831.990010332476,67803.33,-139.34997933504928
2042,Chitradurga,Arecanut,4229.631455776781,1064.969345,987.4025842,775.2251352,1053.037426,2337.779094,4554.581676,2202.63737,39452.27123,1668685.673962453,503137.23,2834234.117924906
2043,Chitradurga,Rice,6443.068793280612,865.0815688,1087.178357,981.7040218,825.1959955,1607.272256,3713.555358,3229.575862,39432.67247,55737.800595775145,92006.24,19469.361191550284
2043,Chitradurga,Sorghum,2309.30015269225,865.0815688,1087.178357,981.7040218,825.1959955,1607.272256,3713.555358,3229.575862,39432.67247,25106.211458238093,60413.47,-10201.047083523816
2043,Chitradurga,Maize,5412.220250481075,865.0815688,1087.178357,981.7040218,825.1959955,1607.272256,3713.555358,3229.575862,39432.67247,53131.98386764674,60413.47,45850.49773529348
2043,Chitradurga,Finger millet,2037.8833340392969,865.0815688,1087.178357,981.7040218,825.1959955,1607.272256,3713.555358,3229.575862,39432.67247,16816.531665454168,79299.73,-45666.66666909166
2043,Chitradurga,Chickpea,901.8549265188168,865.0815688,1087.178357,981.7040218,825.1959955,1607.272256,3713.555358,3229.575862,39432.67247,14495.264023306128,40870.34,-11879.81195338774
2043,Chitradurga,Pigeonpea,959.0162677242372,865.0815688,1087.178357,981.7040218,825.1959955,1607.272256,3713.555358,3229.575862,39432.67247,35613.59999416504,45957.39,25269.809988330075
2043,Chitradurga,Groundnut,1547.6479996617168,865.0815688,1087.178357,981.7040218,825.1959955,1607.272256,3713.555358,3229.575862,39432.67247,49982.46622580065,67803.33,32161.6024516013
2043,Chitradurga,Arecanut,3442.322522314763,865.0815688,1087.178357,981.7040218,825.1959955,1607.272256,3713.555358,3229.575862,39432.67247,1357399.7655854232,503137.23,2211662.3011708464
2044,Chitradurga,Rice,6535.919685715919,1246.112096,1376.104211,917.5210369,871.3953286,1856.250953,3945.754503,2373.359659,38780.92502,81444.88578855126,92006.24,70883.5315771025
2044,Chitradurga,Sorghum,2713.282290049596,1246.112096,1376.104211,917.5210369,871.3953286,1856.250953,3945.754503,2373.359659,38780.92502,37337.59184968973,60413.47,14261.713699379456
2044,Chitradurga,Maize,5722.981447087091,1246.112096,1376.104211,917.5210369,871.3953286,1856.250953,3945.754503,2373.359659,38780.92502,52509.5587149081,60413.47,44605.64742981619
2044,Chitradurga,Finger millet,2108.0760929895737,1246.112096,1376.104211,917.5210369,871.3953286,1856.250953,3945.754503,2373.359659,38780.92502,18369.676597644535,79299.73,-42560.376804710926
2044,Chitradurga,Chickpea,970.0041670663854,1246.112096,1376.104211,917.5210369,871.3953286,1856.250953,3945.754503,2373.359659,38780.92502,18005.71159530949,40870.34,-4858.916809381015
2044,Chitradurga,Pigeonpea,1115.5241977344815,1246.112096,1376.104211,917.5210369,871.3953286,1856.250953,3945.754503,2373.359659,38780.92502,44015.84626416292,45957.39,42074.30252832585
2044,Chitradurga,Groundnut,1510.5741013627623,1246.112096,1376.104211,917.5210369,871.3953286,1856.250953,3945.754503,2373.359659,38780.92502,35851.356341045575,67803.33,3899.382682091149
2044,Chitradurga,Arecanut,5943.144416719403,1246.112096,1376.104211,917.5210369,871.3953286,1856.250953,3945.754503,2373.359659,38780.92502,2304806.3800782682,503137.23,4106475.5301565365
2045,Chitradurga,Rice,6492.786530028199,915.7825643,1710.92182,914.157685,449.8723508,2109.438574,2225.26962,2196.51896,38819.07739,59459.80697921724,92006.24,26913.373958434473
2045,Chitradurga,Sorghum,2525.615548582005,915.7825643,1710.92182,914.157685,449.8723508,2109.438574,2225.26962,2196.51896,38819.07739,43211.307510002225,60413.47,26009.14502000445
2045,Chitradurga,Maize,5578.619764357457,915.7825643,1710.92182,914.157685,449.8723508,2109.438574,2225.26962,2196.51896,38819.07739,50997.38129280258,60413.47,41581.29258560516
2045,Chitradurga,Finger millet,2075.468595952728,915.7825643,1710.92182,914.157685,449.8723508,2109.438574,2225.26962,2196.51896,38819.07739,9336.95936272829,79299.73,-60625.81127454342
2045,Chitradurga,Chickpea,938.34597051662,915.7825643,1710.92182,914.157685,449.8723508,2109.438574,2225.26962,2196.51896,38819.07739,19793.831859652248,40870.34,-1282.6762806955012
2045,Chitradurga,Pigeonpea,1042.8196632444335,915.7825643,1710.92182,914.157685,449.8723508,2109.438574,2225.26962,2196.51896,38819.07739,23205.549157564685,45957.39,453.70831512937
2045,Chitradurga,Groundnut,1527.7964907802211,915.7825643,1710.92182,914.157685,449.8723508,2109.438574,2225.26962,2196.51896,38819.07739,33558.33959020221,67803.33,-686.650819595583
2045,Chitradurga,Arecanut,4781.407170157472,915.7825643,1710.92182,914.157685,449.8723508,2109.438574,2225.26962,2196.51896,38819.07739,1856098.1497144382,503137.23,3209059.0694288765
2046,Chitradurga,Rice,6472.300118093385,1173.893015,845.5009861,784.9735802,740.867056,2856.830883,3911.224465,2269.164127,39451.62203,75977.87899613501,92006.24,59949.51799227002
2046,Chitradurga,Sorghum,2436.481839005916,1173.893015,845.5009861,784.9735802,740.867056,2856.830883,3911.224465,2269.164127,39451.62203,20600.477974942434,60413.47,-19212.514050115133
2046,Chitradurga,Maize,5510.054113343792,1173.893015,845.5009861,784.9735802,740.867056,2856.830883,3911.224465,2269.164127,39451.62203,43252.469044472135,60413.47,26091.468088944268
2046,Chitradurga,Finger millet,2059.9814235951926,1173.893015,845.5009861,784.9735802,740.867056,2856.830883,3911.224465,2269.164127,39451.62203,15261.723727136594,79299.73,-48776.282545726805
2046,Chitradurga,Chickpea,923.3096754602748,1173.893015,845.5009861,784.9735802,740.867056,2856.830883,3911.224465,2269.164127,39451.62203,26377.395954276202,40870.34,11884.451908552408
2046,Chitradurga,Pigeonpea,1008.288105806912,1173.893015,845.5009861,784.9735802,740.867056,2856.830883,3911.224465,2269.164127,39451.62203,39436.41107200503,45957.39,32915.43214401006
2046,Chitradurga,Groundnut,1535.9763922616312,1173.893015,845.5009861,784.9735802,740.867056,2856.830883,3911.224465,2269.164127,39451.62203,34853.82529238974,67803.33,1904.3205847794743
2046,Chitradurga,Arecanut,4229.631455776781,1173.893015,845.5009861,784.9735802,740.867056,2856.830883,3911.224465,2269.164127,39451.62203,1668658.215195042,503137.23,2834179.200390084
2017,Bellary,Rice,6470.896012639551,756.8781276,1081.402883,790.2323201,1074.337276,3356.426516,3386.955638,2303.829072,30356.0,48976.79657940929,92006.24,5947.353158818572
2017,Bellary,Sorghum,2430.3727590882354,756.8781276,1081.402883,790.2323201,1074.337276,3356.426516,3386.955638,2303.829072,30356.0,26282.12108442682,60413.47,-7849.22783114636
2017,Bellary,Maize,5505.354734807406,756.8781276,1081.402883,790.2323201,1074.337276,3356.426516,3386.955638,2303.829072,30356.0,43505.09245060377,60413.47,26596.71490120754
2017,Bellary,Finger millet,2058.919957915361,756.8781276,1081.402883,790.2323201,1074.337276,3356.426516,3386.955638,2303.829072,30356.0,22119.744590888236,79299.73,-35060.24081822352
2017,Bellary,Chickpea,922.2791121795374,756.8781276,1081.402883,790.2323201,1074.337276,3356.426516,3386.955638,2303.829072,30356.0,30955.620672723377,40870.34,21040.901345446757
2017,Bellary,Pigeonpea,1005.9213688555268,756.8781276,1081.402883,790.2323201,1074.337276,3356.426516,3386.955638,2303.829072,30356.0,34070.11051629904,45957.39,22182.831032598086
2017,Bellary,Groundnut,1536.5370294448735,756.8781276,1081.402883,790.2323201,1074.337276,3356.426516,3386.955638,2303.829072,30356.0,35399.186786396196,67803.33,2995.0435727923905
2017,Bellary,Arecanut,4191.813643056789,756.8781276,1081.402883,790.2323201,1074.337276,3356.426516,3386.955638,2303.829072,30356.0,1272466.949486319,503137.23,2041796.668972638
2018,Bellary,Rice,6534.426890720523,1094.444579,1063.489262,1107.753274,848.1199147,1708.722393,4566.741995,3262.923452,25774.23742,71515.68087420902,92006.24,51025.12174841804
2018,Bellary,Sorghum,2706.7873334901174,1094.444579,1063.489262,1107.753274,848.1199147,1708.722393,4566.741995,3262.923452,25774.23742,28786.392636843528,60413.47,-2840.6847263129457
2018,Bellary,Maize,5717.985234914119,1094.444579,1063.489262,1107.753274,848.1199147,1708.722393,4566.741995,3262.923452,25774.23742,63341.16864659774,60413.47,66268.86729319548
2018,Bellary,Finger millet,2106.9475804193044,1094.444579,1063.489262,1107.753274,848.1199147,1708.722393,4566.741995,3262.923452,25774.23742,17869.44202182592,79299.73,-43560.84595634816
2018,Bellary,Chickpea,968.9085088280946,1094.444579,1063.489262,1107.753274,848.1199147,1708.722393,4566.741995,3262.923452,25774.23742,16555.956658028033,40870.34,-7758.42668394393
2018,Bellary,Pigeonpea,1113.0079671573576,1094.444579,1063.489262,1107.753274,848.1199147,1708.722393,4566.741995,3262.923452,25774.23742,50828.20224387086,45957.39,55699.01448774172
2018,Bellary,Groundnut,1511.17015088247,1094.444579,1063.489262,1107.753274,848.1199147,1708.722393,4566.741995,3262.923452,25774.23742,49308.32525276789,67803.33,30813.320505535783
2018,Bellary,Arecanut,5902.93786285194,1094.444579,1063.489262,1107.753274,848.1199147,1708.722393,4566.741995,3262.923452,25774.23742,1521437.219526533,503137.23,2539737.209053066
2019,Bellary,Rice,6377.245627676076,858.22693,1204.327286,966.485469,946.5710688,2649.489731,2266.265551,1706.41991,26094.11765,54731.239368963616,92006.24,17456.238737927226
2019,Bellary,Sorghum,2022.9121338902276,858.22693,1204.327286,966.485469,946.5710688,2649.489731,2266.265551,1706.41991,26094.11765,24362.482800244863,60413.47,-11688.504399510275
2019,Bellary,Maize,5191.917729189599,858.22693,1204.327286,966.485469,946.5710688,2649.489731,2266.265551,1706.41991,26094.11765,50179.13041505225,60413.47,39944.790830104495
2019,Bellary,Finger millet,1988.1228042754867,858.22693,1204.327286,966.485469,946.5710688,2649.489731,2266.265551,1706.41991,26094.11765,18818.995277487007,79299.73,-41661.73944502598
2019,Bellary,Chickpea,853.5430726557918,858.22693,1204.327286,966.485469,946.5710688,2649.489731,2266.265551,1706.41991,26094.11765,22614.536059677073,40870.34,4358.73211935415
2019,Bellary,Pigeonpea,848.0658274507063,858.22693,1204.327286,966.485469,946.5710688,2649.489731,2266.265551,1706.41991,26094.11765,19219.423697318456,45957.39,-7518.542605363087
2019,Bellary,Groundnut,1573.930152512731,858.22693,1204.327286,966.485469,946.5710688,2649.489731,2266.265551,1706.41991,26094.11765,26857.857491970604,67803.33,-14087.615016058793
2019,Bellary,Arecanut,1669.4584239159276,858.22693,1204.327286,966.485469,946.5710688,2649.489731,2266.265551,1706.41991,26094.11765,435630.4452544579,503137.23,368123.6605089158
2020,Bellary,Rice,6432.545476750906,942.7245025,806.8623385,856.3014536,856.5088057,2717.187853,1995.485752,2321.824876,31529.00777,60641.18234378623,92006.24,29276.12468757246
2020,Bellary,Sorghum,2263.5145733374748,942.7245025,806.8623385,856.3014536,856.5088057,2717.187853,1995.485752,2321.824876,31529.00777,18263.44661871905,60413.47,-23886.576762561905
2020,Bellary,Maize,5376.999927323559,942.7245025,806.8623385,856.3014536,856.5088057,2717.187853,1995.485752,2321.824876,31529.00777,46043.32853774257,60413.47,31673.18707548514
2020,Bellary,Finger millet,2029.927991864834,942.7245025,806.8623385,856.3014536,856.5088057,2717.187853,1995.485752,2321.824876,31529.00777,17386.511999691484,79299.73,-44526.70600061703
2020,Bellary,Chickpea,894.1311878370288,942.7245025,806.8623385,856.3014536,856.5088057,2717.187853,1995.485752,2321.824876,31529.00777,24295.224025792362,40870.34,7720.108051584728
2020,Bellary,Pigeonpea,941.2783392702444,942.7245025,806.8623385,856.3014536,856.5088057,2717.187853,1995.485752,2321.824876,31529.00777,18783.075146799947,45957.39,-8391.239706400105
2020,Bellary,Groundnut,1551.8497941362484,942.7245025,806.8623385,856.3014536,856.5088057,2717.187853,1995.485752,2321.824876,31529.00777,36031.23455841021,67803.33,4259.139116820414
2020,Bellary,Arecanut,3158.890239770204,942.7245025,806.8623385,856.3014536,856.5088057,2717.187853,1995.485752,2321.824876,31529.00777,995966.7491429192,503137.23,1488796.2682858384
2021,Bellary,Rice,6434.177153656754,845.8516726,747.1897622,1063.517514,729.9276769,3739.828956,2663.767033,3351.430064,38344.77433,54423.595072252734,92006.24,16840.950144505463
2021,Bellary,Sorghum,2270.613786997271,845.8516726,747.1897622,1063.517514,729.9276769,3739.828956,2663.767033,3351.430064,38344.77433,16965.793755545325,60413.47,-26481.882488909352
2021,Bellary,Maize,5382.460961185877,845.8516726,747.1897622,1063.517514,729.9276769,3739.828956,2663.767033,3351.430064,38344.77433,57243.41500642454,60413.47,54073.36001284908
2021,Bellary,Finger millet,2031.161495396496,845.8516726,747.1897622,1063.517514,729.9276769,3739.828956,2663.767033,3351.430064,38344.77433,14826.009917434945,79299.73,-49647.710165130105
2021,Bellary,Chickpea,895.3287804399217,845.8516726,747.1897622,1063.517514,729.9276769,3739.828956,2663.767033,3351.430064,38344.77433,33483.764982293855,40870.34,26097.189964587713
2021,Bellary,Pigeonpea,944.0286669007264,845.8516726,747.1897622,1063.517514,729.9276769,3739.828956,2663.767033,3351.430064,38344.77433,25146.724410970935,45957.39,4336.058821941871
2021,Bellary,Groundnut,1551.198291258058,845.8516726,747.1897622,1063.517514,729.9276769,3739.828956,2663.767033,3351.430064,38344.77433,51987.32588547684,67803.33,36171.321770953684
2021,Bellary,Arecanut,3202.837403052252,845.8516726,747.1897622,1063.517514,729.9276769,3739.828956,2663.767033,3351.430064,38344.77433,1228120.7743572185,503137.23,1953104.318714437
2022,Bellary,Rice,6500.320921405068,1100.877667,1137.375868,892.2019828,710.6772841,2478.818824,3744.076702,2233.034727,35569.89071,71560.58130707701,92006.24,51114.92261415401
2022,Bellary,Sorghum,2558.396703962223,1100.877667,1137.375868,892.2019828,710.6772841,2478.818824,3744.076702,2233.034727,35569.89071,29098.58671857373,60413.47,-2216.2965628525417
2022,Bellary,Maize,5603.836500767447,1100.877667,1137.375868,892.2019828,710.6772841,2478.818824,3744.076702,2233.034727,35569.89071,49997.5403727173,60413.47,39581.610745434606
2022,Bellary,Finger millet,2081.1643916945072,1100.877667,1137.375868,892.2019828,710.6772841,2478.818824,3744.076702,2233.034727,35569.89071,14790.36257655081,79299.73,-49719.00484689837
2022,Bellary,Chickpea,943.8759448319388,1100.877667,1137.375868,892.2019828,710.6772841,2478.818824,3744.076702,2233.034727,35569.89071,23396.974595701955,40870.34,5923.609191403913
2022,Bellary,Pigeonpea,1055.5195088501414,1100.877667,1137.375868,892.2019828,710.6772841,2478.818824,3744.076702,2233.034727,35569.89071,39519.46001592297,45957.39,33081.530031845934
2022,Bellary,Groundnut,1524.788127022758,1100.877667,1137.375868,892.2019828,710.6772841,2478.818824,3744.076702,2233.034727,35569.89071,34049.04838959106,67803.33,294.766779182115
2022,Bellary,Arecanut,4984.336516576107,1100.877667,1137.375868,892.2019828,710.6772841,2478.818824,3744.076702,2233.034727,35569.89071,1772923.051564742,503137.23,3042708.8731294842
2023,Bellary,Rice,6541.627320496643,927.3490363,1391.69993,872.786871,797.055421,3122.995713,2305.527408,2423.483054,36269.42971,60663.717914963134,92006.24,29321.195829926262
2023,Bellary,Sorghum,2738.115465450453,927.3490363,1391.69993,872.786871,797.055421,3122.995713,2305.527408,2423.483054,36269.42971,38106.35101599313,60413.47,15799.232031986263
2023,Bellary,Maize,5742.084240476866,927.3490363,1391.69993,872.786871,797.055421,3122.995713,2305.527408,2423.483054,36269.42971,50116.15737264216,60413.47,39818.844745284325
2023,Bellary,Finger millet,2112.390910239378,927.3490363,1391.69993,872.786871,797.055421,3122.995713,2305.527408,2423.483054,36269.42971,16836.92626277421,79299.73,-45625.877474451576
2023,Bellary,Chickpea,974.1933672498976,927.3490363,1391.69993,872.786871,797.055421,3122.995713,2305.527408,2423.483054,36269.42971,30424.01709554465,40870.34,19977.6941910893
2023,Bellary,Pigeonpea,1125.144892607264,927.3490363,1391.69993,872.786871,797.055421,3122.995713,2305.527408,2423.483054,36269.42971,25940.523878772638,45957.39,5923.657757545276
2023,Bellary,Groundnut,1508.295132729956,927.3490363,1391.69993,872.786871,797.055421,3122.995713,2305.527408,2423.483054,36269.42971,36553.276946017286,67803.33,5303.22389203457
2023,Bellary,Arecanut,6096.872373990743,927.3490363,1391.69993,872.786871,797.055421,3122.995713,2305.527408,2423.483054,36269.42971,2211300.8401929806,503137.23,3919464.450385961
2024,Bellary,Rice,6465.650688267645,1010.593505,637.5874433,958.7071826,421.7917755,1539.769186,3208.290522,2861.958121,36139.20821,65341.44591162063,92006.24,38676.65182324125
2024,Bellary,Sorghum,2407.551036051256,1010.593505,637.5874433,958.7071826,421.7917755,1539.769186,3208.290522,2861.958121,36139.20821,15350.243096901862,60413.47,-29712.983806196276
2024,Bellary,Maize,5487.799240878947,1010.593505,637.5874433,958.7071826,421.7917755,1539.769186,3208.290522,2861.958121,36139.20821,52611.925488974746,60413.47,44810.38097794949
2024,Bellary,Finger millet,2054.9546348086424,1010.593505,637.5874433,958.7071826,421.7917755,1539.769186,3208.290522,2861.958121,36139.20821,8667.629639878915,79299.73,-61964.47072024217
2024,Bellary,Chickpea,918.4292313329952,1010.593505,637.5874433,958.7071826,421.7917755,1539.769186,3208.290522,2861.958121,36139.20821,14141.690299282118,40870.34,-12586.95940143576
2024,Bellary,Pigeonpea,997.0799367685788,1010.593505,637.5874433,958.7071826,421.7917755,1539.769186,3208.290522,2861.958121,36139.20821,31989.22110810991,45957.39,18021.052216219818
2024,Bellary,Groundnut,1538.6314048160586,1010.593505,637.5874433,958.7071826,421.7917755,1539.769186,3208.290522,2861.958121,36139.20821,44034.98644238958,67803.33,20266.642884779154
2024,Bellary,Arecanut,4050.537434627712,1010.593505,637.5874433,958.7071826,421.7917755,1539.769186,3208.290522,2861.958121,36139.20821,1463832.1571241014,503137.23,2424527.084248203
2025,Bellary,Rice,6532.188411101365,931.3337151,1013.980798,879.424842,916.7333309,1666.038234,3138.515312,1895.429559,36406.71936,60836.473006442,92006.24,29666.706012883995
2025,Bellary,Sorghum,2697.048000272526,931.3337151,1013.980798,879.424842,916.7333309,1666.038234,3138.515312,1895.429559,36406.71936,27347.548835606405,60413.47,-5718.372328787191
2025,Bellary,Maize,5710.493302561264,931.3337151,1013.980798,879.424842,916.7333309,1666.038234,3138.515312,1895.429559,36406.71936,50219.49670346998,60413.47,40025.52340693996
2025,Bellary,Finger millet,2105.255350477281,931.3337151,1013.980798,879.424842,916.7333309,1666.038234,3138.515312,1895.429559,36406.71936,19299.577498380848,79299.73,-40700.5750032383
2025,Bellary,Chickpea,967.2655446946794,931.3337151,1013.980798,879.424842,916.7333309,1666.038234,3138.515312,1895.429559,36406.71936,16115.01379892172,40870.34,-8640.312402156556
2025,Bellary,Pigeonpea,1109.2348229001973,931.3337151,1013.980798,879.424842,916.7333309,1666.038234,3138.515312,1895.429559,36406.71936,34813.50476275877,45957.39,23669.61952551754
2025,Bellary,Groundnut,1512.0639405227014,931.3337151,1013.980798,879.424842,916.7333309,1666.038234,3138.515312,1895.429559,36406.71936,28660.10687964746,67803.33,-10483.11624070508
2025,Bellary,Arecanut,5842.647232412729,931.3337151,1013.980798,879.424842,916.7333309,1666.038234,3138.515312,1895.429559,36406.71936,2127116.1810993096,503137.23,3751095.132198619
2026,Bellary,Rice,6565.421636956346,1054.698945,762.5975839,804.6227319,874.1684134,1781.246945,5187.505,2629.833098,36789.85783,69245.43273978033,92006.24,46484.62547956065
2026,Bellary,Sorghum,2841.6414366956483,1054.698945,762.5975839,804.6227319,874.1684134,1781.246945,5187.505,2629.833098,36789.85783,21670.288939342263,60413.47,-17072.892121315475
2026,Bellary,Maize,5821.721065298898,1054.698945,762.5975839,804.6227319,874.1684134,1781.246945,5187.505,2629.833098,36789.85783,46842.89107920577,60413.47,33272.31215841154
2026,Bellary,Finger millet,2130.3787687923405,1054.698945,762.5975839,804.6227319,874.1684134,1781.246945,5187.505,2629.833098,36789.85783,18623.098282562456,79299.73,-42053.533434875084
2026,Bellary,Chickpea,991.6575461451854,1054.698945,762.5975839,804.6227319,874.1684134,1781.246945,5187.505,2629.833098,36789.85783,17663.869745573083,40870.34,-5542.6005088538295
2026,Bellary,Pigeonpea,1165.252199251749,1054.698945,762.5975839,804.6227319,874.1684134,1781.246945,5187.505,2629.833098,36789.85783,60447.51609879445,45957.39,74937.6421975889
2026,Bellary,Groundnut,1498.794437094372,1054.698945,762.5975839,804.6227319,874.1684134,1781.246945,5187.505,2629.833098,36789.85783,39415.79217769058,67803.33,11028.254355381156
2026,Bellary,Arecanut,6737.742332308916,1054.698945,762.5975839,804.6227319,874.1684134,1781.246945,5187.505,2629.833098,36789.85783,2478805.8250081763,503137.23,4454474.420016352
2027,Bellary,Rice,6499.876224266514,1262.642828,871.1333409,1084.699576,853.1849284,2492.577618,1793.591871,2535.392241,37075.00449,82070.22097457835,92006.24,72134.20194915669
2027,Bellary,Sorghum,2556.461884642802,1262.642828,871.1333409,1084.699576,853.1849284,2492.577618,1793.591871,2535.392241,37075.00449,22270.191824523947,60413.47,-15873.086350952108
2027,Bellary,Maize,5602.348150884323,1262.642828,871.1333409,1084.699576,853.1849284,2492.577618,1793.591871,2535.392241,37075.00449,60768.6466386861,60413.47,61123.8232773722
2027,Bellary,Finger millet,2080.828212706524,1262.642828,871.1333409,1084.699576,853.1849284,2492.577618,1793.591871,2535.392241,37075.00449,17753.312696707155,79299.73,-43793.104606585686
2027,Bellary,Chickpea,943.5495530066024,1262.642828,871.1333409,1084.699576,853.1849284,2492.577618,1793.591871,2535.392241,37075.00449,23518.704972981617,40870.34,6167.069945963238
2027,Bellary,Pigeonpea,1054.769934701623,1262.642828,871.1333409,1084.699576,853.1849284,2492.577618,1793.591871,2535.392241,37075.00449,18918.267806560318,45957.39,-8120.854386879364
2027,Bellary,Groundnut,1524.9656875830945,1262.642828,871.1333409,1084.699576,853.1849284,2492.577618,1793.591871,2535.392241,37075.00449,38663.86172089408,67803.33,9524.393441788154
2027,Bellary,Arecanut,4972.359158994467,1262.642828,871.1333409,1084.699576,853.1849284,2492.577618,1793.591871,2535.392241,37075.00449,1843502.3814561248,503137.23,3183867.5329122497
2028,Bellary,Rice,6422.333768608147,1205.359872,960.9592873,902.037273,814.2740188,2623.850812,3725.823891,2809.719781,37141.36037,77412.23409270793,92006.24,62818.228185415865
2028,Bellary,Sorghum,2219.0847614812715,1205.359872,960.9592873,902.037273,814.2740188,2623.850812,3725.823891,2809.719781,37141.36037,21324.501108513334,60413.47,-17764.467782973334
2028,Bellary,Maize,5342.822521392364,1205.359872,960.9592873,902.037273,814.2740188,2623.850812,3725.823891,2809.719781,37141.36037,48194.250573197525,60413.47,35975.03114639505
2028,Bellary,Finger millet,2022.2082171880888,1205.359872,960.9592873,902.037273,814.2740188,2623.850812,3725.823891,2809.719781,37141.36037,16466.316118601284,79299.73,-46367.09776279743
2028,Bellary,Chickpea,886.6361585877694,1205.359872,960.9592873,902.037273,814.2740188,2623.850812,3725.823891,2809.719781,37141.36037,23264.010046590796,40870.34,5657.680093181596
2028,Bellary,Pigeonpea,924.0656527642366,1205.359872,960.9592873,902.037273,814.2740188,2623.850812,3725.823891,2809.719781,37141.36037,34429.05885921503,45957.39,22900.727718430062
2028,Bellary,Groundnut,1555.9271682918825,1205.359872,960.9592873,902.037273,814.2740188,2623.850812,3725.823891,2809.719781,37141.36037,43717.193425450176,67803.33,19631.05685090035
2028,Bellary,Arecanut,2883.850736833002,1205.359872,960.9592873,902.037273,814.2740188,2623.850812,3725.823891,2809.719781,37141.36037,1071101.3947000457,503137.23,1639065.5594000914
2029,Bellary,Rice,6532.253901004486,1013.245845,920.9116782,781.4885451,793.5473943,2784.010938,2848.096298,3418.835438,37901.15494,66187.79123677836,92006.24,40369.34247355671
2029,Bellary,Sorghum,2697.332938309672,1013.245845,920.9116782,781.4885451,793.5473943,2784.010938,2848.096298,3418.835438,37901.15494,24840.054028828974,60413.47,-10733.361942342053
2029,Bellary,Maize,5710.712489691568,1013.245845,920.9116782,781.4885451,793.5473943,2784.010938,2848.096298,3418.835438,37901.15494,44628.563950534626,60413.47,28843.65790106925
2029,Bellary,Finger millet,2105.304859069636,1013.245845,920.9116782,781.4885451,793.5473943,2784.010938,2848.096298,3418.835438,37901.15494,16706.591851218385,79299.73,-45886.546297563225
2029,Bellary,Chickpea,967.3136119457752,1013.245845,920.9116782,781.4885451,793.5473943,2784.010938,2848.096298,3418.835438,37901.15494,26930.116761333255,40870.34,12989.893522666513
2029,Bellary,Pigeonpea,1109.3452115987338,1013.245845,920.9116782,781.4885451,793.5473943,2784.010938,2848.096298,3418.835438,37901.15494,31595.219903583806,45957.39,17233.049807167612
2029,Bellary,Groundnut,1512.0377914363094,1013.245845,920.9116782,781.4885451,793.5473943,2784.010938,2848.096298,3418.835438,37901.15494,51694.08384957707,67803.33,35584.837699154145
2029,Bellary,Arecanut,5844.411120505661,1013.245845,920.9116782,781.4885451,793.5473943,2784.010938,2848.096298,3418.835438,37901.15494,2215099.3141134405,503137.23,3927061.398226881
2030,Bellary,Rice,6471.053710713206,854.0987925,927.7543503,1116.406822,822.1408061,2883.332696,4752.485159,2081.58801,37972.42574,55269.191605227934,92006.24,18532.143210455863
2030,Bellary,Sorghum,2431.0588828634777,854.0987925,927.7543503,1116.406822,822.1408061,2883.332696,4752.485159,2081.58801,37972.42574,22554.254544120497,60413.47,-15304.960911759008
2030,Bellary,Maize,5505.882532018463,854.0987925,927.7543503,1116.406822,822.1408061,2883.332696,4752.485159,2081.58801,37972.42574,61468.04819876045,60413.47,62522.6263975209
2030,Bellary,Finger millet,2059.0391733863244,854.0987925,927.7543503,1116.406822,822.1408061,2883.332696,4752.485159,2081.58801,37972.42574,16928.201257993103,79299.73,-45443.32748401379
2030,Bellary,Chickpea,922.3948569362492,854.0987925,927.7543503,1116.406822,822.1408061,2883.332696,4752.485159,2081.58801,37972.42574,26595.712496265296,40870.34,12321.084992530596
2030,Bellary,Pigeonpea,1006.1871821226588,854.0987925,927.7543503,1116.406822,822.1408061,2883.332696,4752.485159,2081.58801,37972.42574,47818.89650213966,45957.39,49680.40300427932
2030,Bellary,Groundnut,1536.47406308891,854.0987925,927.7543503,1116.406822,822.1408061,2883.332696,4752.485159,2081.58801,37972.42574,31983.05987401859,67803.33,-3837.2102519628243
2030,Bellary,Arecanut,4196.061042138889,854.0987925,927.7543503,1116.406822,822.1408061,2883.332696,4752.485159,2081.58801,37972.42574,1593346.16323126,503137.23,2683555.09646252
2031,Bellary,Rice,6473.612957781531,929.3780206,1215.203395,907.0901563,885.1142869,2417.840774,2600.795221,2701.643518,38949.51454,60164.335968335115,92006.24,28322.431936670226
2031,Bellary,Sorghum,2442.1938334662177,929.3780206,1215.203395,907.0901563,885.1142869,2417.840774,2600.795221,2701.643518,38949.51454,29677.622376762123,60413.47,-1058.2252464757548
2031,Bellary,Maize,5514.448035919433,929.3780206,1215.203395,907.0901563,885.1142869,2417.840774,2600.795221,2701.643518,38949.51454,50021.015308103866,60413.47,39628.56061620773
2031,Bellary,Finger millet,2060.973894828946,929.3780206,1215.203395,907.0901563,885.1142869,2417.840774,2600.795221,2701.643518,38949.51454,18241.974392410382,79299.73,-42815.78121517923
2031,Bellary,Chickpea,924.273252926912,929.3780206,1215.203395,907.0901563,885.1142869,2417.840774,2600.795221,2701.643518,38949.51454,22347.455572443025,40870.34,3824.571144886053
2031,Bellary,Pigeonpea,1010.5010066917378,929.3780206,1215.203395,907.0901563,885.1142869,2417.840774,2600.795221,2701.643518,38949.51454,26281.061890195604,45957.39,6604.733780391209
2031,Bellary,Groundnut,1535.4521960605548,929.3780206,1215.203395,907.0901563,885.1142869,2417.840774,2600.795221,2701.643518,38949.51454,41482.44472685863,67803.33,15161.559453717258
2031,Bellary,Arecanut,4264.991139995704,929.3780206,1215.203395,907.0901563,885.1142869,2417.840774,2600.795221,2701.643518,38949.51454,1661193.3442023383,503137.23,2819249.4584046765
2032,Bellary,Rice,6499.899735319847,1083.943079,828.1943586,1067.739243,745.2058677,1880.002765,2490.593508,2518.566907,39034.47922,70455.2133229388,92006.24,48904.18664587759
2032,Bellary,Sorghum,2556.56417817308,1083.943079,828.1943586,1067.739243,745.2058677,1880.002765,2490.593508,2518.566907,39034.47922,21173.3202976179,60413.47,-18066.829404764198
2032,Bellary,Maize,5602.426839660224,1083.943079,828.1943586,1067.739243,745.2058677,1880.002765,2490.593508,2518.566907,39034.47922,59819.30992741689,60413.47,59225.149854833784
2032,Bellary,Finger millet,2080.8459864258266,1083.943079,828.1943586,1067.739243,745.2058677,1880.002765,2490.593508,2518.566907,39034.47922,15506.586388645206,79299.73,-48286.55722270958
2032,Bellary,Chickpea,943.5668092804738,1083.943079,828.1943586,1067.739243,745.2058677,1880.002765,2490.593508,2518.566907,39034.47922,17739.082104095185,40870.34,-5392.175791809626
2032,Bellary,Pigeonpea,1054.80956454462,1083.943079,828.1943586,1067.739243,745.2058677,1880.002765,2490.593508,2518.566907,39034.47922,26271.01853631137,45957.39,6584.647072622742
2032,Bellary,Groundnut,1524.9562999899624,1083.943079,828.1943586,1067.739243,745.2058677,1880.002765,2490.593508,2518.566907,39034.47922,38407.044717758836,67803.33,9010.75943551767
2032,Bellary,Arecanut,4972.992399617054,1083.943079,828.1943586,1067.739243,745.2058677,1880.002765,2490.593508,2518.566907,39034.47922,1941181.6848406983,503137.23,3379226.1396813965
2033,Bellary,Rice,6442.333348242289,910.5921916,1076.199837,892.8859621,786.0261485,1530.214035,1684.386786,3465.162516,39705.68785,58663.38442593711,92006.24,25320.528851874216
2033,Bellary,Sorghum,2306.10032713648,910.5921916,1076.199837,892.8859621,786.0261485,1530.214035,1684.386786,3465.162516,39705.68785,24818.24796169926,60413.47,-10776.97407660148
2033,Bellary,Maize,5409.758801009209,910.5921916,1076.199837,892.8859621,786.0261485,1530.214035,1684.386786,3465.162516,39705.68785,48302.9769176805,60413.47,36192.483835360996
2033,Bellary,Finger millet,2037.3273575167,910.5921916,1076.199837,892.8859621,786.0261485,1530.214035,1684.386786,3465.162516,39705.68785,16013.925760625341,79299.73,-47271.87847874931
2033,Bellary,Chickpea,901.3151361138824,910.5921916,1076.199837,892.8859621,786.0261485,1530.214035,1684.386786,3465.162516,39705.68785,13792.050712393982,40870.34,-13286.238575212032
2033,Bellary,Pigeonpea,957.7766137202173,910.5921916,1076.199837,892.8859621,786.0261485,1530.214035,1684.386786,3465.162516,39705.68785,16132.662720901602,45957.39,-13692.064558196795
2033,Bellary,Groundnut,1547.94165127712,910.5921916,1076.199837,892.8859621,786.0261485,1530.214035,1684.386786,3465.162516,39705.68785,53638.6938696062,67803.33,39474.057739212396
2033,Bellary,Arecanut,3422.51423608584,910.5921916,1076.199837,892.8859621,786.0261485,1530.214035,1684.386786,3465.162516,39705.68785,1358932.8192020557,503137.23,2214728.4084041114
2034,Bellary,Rice,6505.646114251887,1039.853008,845.5338669,841.5738679,658.5196723,1896.686847,4508.06397,1472.054898,40797.7556,67649.15680888337,92006.24,43292.07361776674
2034,Bellary,Sorghum,2581.565924329135,1039.853008,845.5338669,841.5738679,658.5196723,1896.686847,4508.06397,1472.054898,40797.7556,21828.014186552864,60413.47,-16757.441626894273
2034,Bellary,Maize,5621.659305242787,1039.853008,845.5338669,841.5738679,658.5196723,1896.686847,4508.06397,1472.054898,40797.7556,47310.415655291996,60413.47,34207.36131058399
2034,Bellary,Finger millet,2085.19009320428,1039.853008,845.5338669,841.5738679,658.5196723,1896.686847,4508.06397,1472.054898,40797.7556,13731.38696860089,79299.73,-51836.956062798214
2034,Bellary,Chickpea,947.7844462880008,1039.853008,845.5338669,841.5738679,658.5196723,1896.686847,4508.06397,1472.054898,40797.7556,17976.50293065629,40870.34,-4917.334138687416
2034,Bellary,Pigeonpea,1064.4955659186478,1039.853008,845.5338669,841.5738679,658.5196723,1896.686847,4508.06397,1472.054898,40797.7556,47988.14106942616,45957.39,50018.892138852316
2034,Bellary,Groundnut,1522.661861428027,1039.853008,845.5338669,841.5738679,658.5196723,1896.686847,4508.06397,1472.054898,40797.7556,22414.418511129243,67803.33,-22974.492977741516
2034,Bellary,Arecanut,5127.763881827673,1039.853008,845.5338669,841.5738679,658.5196723,1896.686847,4508.06397,1472.054898,40797.7556,2092012.5762531266,503137.23,3680887.9225062532
2035,Bellary,Rice,6465.520177446727,963.1496917,1690.980346,837.0245361,901.8305829,2656.790363,4310.29112,2547.161549,40314.23924,62272.63765587944,92006.24,32539.035311758882
2035,Bellary,Sorghum,2406.983200471003,963.1496917,1690.980346,837.0245361,901.8305829,2656.790363,4310.29112,2547.161549,40314.23924,40701.61285148644,60413.47,20989.755702972878
2035,Bellary,Maize,5487.362436257958,963.1496917,1690.980346,837.0245361,901.8305829,2656.790363,4310.29112,2547.161549,40314.23924,45930.56997621383,60413.47,31447.669952427663
2035,Bellary,Finger millet,2054.8559721641286,963.1496917,1690.980346,837.0245361,901.8305829,2656.790363,4310.29112,2547.161549,40314.23924,18531.31959152322,79299.73,-42237.090816953554
2035,Bellary,Chickpea,918.333441049288,963.1496917,1690.980346,837.0245361,901.8305829,2656.790363,4310.29112,2547.161549,40314.23924,24398.19436200377,40870.34,7926.048724007545
2035,Bellary,Pigeonpea,996.8599498854144,963.1496917,1690.980346,837.0245361,901.8305829,2656.790363,4310.29112,2547.161549,40314.23924,42967.56589874747,45957.39,39977.741797494935
2035,Bellary,Groundnut,1538.683515730394,963.1496917,1690.980346,837.0245361,901.8305829,2656.790363,4310.29112,2547.161549,40314.23924,39192.75487348596,67803.33,10582.179746971917
2035,Bellary,Arecanut,4047.022289971055,963.1496917,1690.980346,837.0245361,901.8305829,2656.790363,4310.29112,2547.161549,40314.23924,1631526.2480750578,503137.23,2759915.2661501155
2036,Bellary,Rice,6569.119213533739,1288.495062,1352.128919,727.2676606,704.7377469,2307.35482,2908.469682,2832.575854,40306.5789,84642.77668327546,92006.24,77279.31336655091
2036,Bellary,Sorghum,2857.729110702857,1288.495062,1352.128919,727.2676606,704.7377469,2307.35482,2908.469682,2832.575854,40306.5789,38640.18173249485,60413.47,16866.8934649897
2036,Bellary,Maize,5834.096426392315,1288.495062,1352.128919,727.2676606,704.7377469,2307.35482,2908.469682,2832.575854,40306.5789,42429.496597371595,60413.47,24445.52319474319
2036,Bellary,Finger millet,2133.1740365015653,1288.495062,1352.128919,727.2676606,704.7377469,2307.35482,2908.469682,2832.575854,40306.5789,15033.282642296916,79299.73,-49233.164715406165
2036,Bellary,Chickpea,994.3714353605352,1288.495062,1352.128919,727.2676606,704.7377469,2307.35482,2908.469682,2832.575854,40306.5789,22943.677242494494,40870.34,5017.014484988991
2036,Bellary,Pigeonpea,1171.4847732314263,1288.495062,1352.128919,727.2676606,704.7377469,2307.35482,2908.469682,2832.575854,40306.5789,34072.27945868248,45957.39,22187.168917364965
2036,Bellary,Groundnut,1497.318053029691,1288.495062,1352.128919,727.2676606,704.7377469,2307.35482,2908.469682,2832.575854,40306.5789,42412.66962770195,67803.33,17022.0092554039
2036,Bellary,Arecanut,6837.331902408357,1288.495062,1352.128919,727.2676606,704.7377469,2307.35482,2908.469682,2832.575854,40306.5789,2755894.577899095,503137.23,5008651.925798191
2037,Bellary,Rice,6500.786348207453,959.1114575,1009.452198,830.2110571,593.1787858,2214.781375,3548.019928,2113.565663,40361.27628,62349.786693253525,92006.24,32693.333386507045
2037,Bellary,Sorghum,2560.4217153485406,959.1114575,1009.452198,830.2110571,593.1787858,2214.781375,3548.019928,2113.565663,40361.27628,25846.233283655147,60413.47,-8721.003432689708
2037,Bellary,Maize,5605.394230437549,959.1114575,1009.452198,830.2110571,593.1787858,2214.781375,3548.019928,2113.565663,40361.27628,46536.60269513798,60413.47,32659.735390275964
2037,Bellary,Finger millet,2081.516241746693,959.1114575,1009.452198,830.2110571,593.1787858,2214.781375,3548.019928,2113.565663,40361.27628,12347.112769022826,79299.73,-54605.50446195435
2037,Bellary,Chickpea,944.2175514905412,959.1114575,1009.452198,830.2110571,593.1787858,2214.781375,3548.019928,2113.565663,40361.27628,20912.35446989354,40870.34,954.368939787084
2037,Bellary,Pigeonpea,1056.3040245774778,959.1114575,1009.452198,830.2110571,593.1787858,2214.781375,3548.019928,2113.565663,40361.27628,37477.87729227493,45957.39,28998.364584549854
2037,Bellary,Groundnut,1524.6022894342902,959.1114575,1009.452198,830.2110571,593.1787858,2214.781375,3548.019928,2113.565663,40361.27628,32223.470486795035,67803.33,-3356.389026409932
2037,Bellary,Arecanut,4996.872201555768,959.1114575,1009.452198,830.2110571,593.1787858,2214.781375,3548.019928,2113.565663,40361.27628,2016801.394628442,503137.23,3530465.559256884
2038,Bellary,Rice,6553.28691731598,1336.092825,675.4626242,833.8320765,1032.876434,1375.911943,2599.607735,3484.792539,40745.73841,87557.99630392248,92006.24,83109.75260784496
2038,Bellary,Sorghum,2788.8448523228817,1336.092825,675.4626242,833.8320765,1032.876434,1375.911943,2599.607735,3484.792539,40745.73841,18837.60462436675,60413.47,-22738.260751266498
2038,Bellary,Maize,5781.107562326418,1336.092825,675.4626242,833.8320765,1032.876434,1375.911943,2599.607735,3484.792539,40745.73841,48204.729231644895,60413.47,35995.98846328979
2038,Bellary,Finger millet,2121.2052495260727,1336.092825,675.4626242,833.8320765,1032.876434,1375.911943,2599.607735,3484.792539,40745.73841,21909.4291391257,79299.73,-35480.8717217486
2038,Bellary,Chickpea,982.7510951024576,1336.092825,675.4626242,833.8320765,1032.876434,1375.911943,2599.607735,3484.792539,40745.73841,13521.789687478002,40870.34,-13826.760625043993
2038,Bellary,Pigeonpea,1144.7981163414352,1336.092825,675.4626242,833.8320765,1032.876434,1375.911943,2599.607735,3484.792539,40745.73841,29760.260382546247,45957.39,13563.130765092494
2038,Bellary,Groundnut,1503.63963944013,1336.092825,675.4626242,833.8320765,1032.876434,1375.911943,2599.607735,3484.792539,40745.73841,52398.72196865615,67803.33,36994.1139373123
2038,Bellary,Arecanut,6410.908935632259,1336.092825,675.4626242,833.8320765,1032.876434,1375.911943,2599.607735,3484.792539,40745.73841,2612172.1846160353,503137.23,4721207.139232071
2039,Bellary,Rice,6529.9895237605215,1124.460932,1007.581728,718.2771078,1235.31047,2167.014246,4314.76509,2653.391394,40735.73574,73427.18105837992,92006.24,54848.12211675984
2039,Bellary,Sorghum,2687.480927900217,1124.460932,1007.581728,718.2771078,1235.31047,2167.014246,4314.76509,2653.391394,40735.73574,27078.566773007442,60413.47,-6256.336453985117
2039,Bellary,Maize,5703.133880984152,1124.460932,1007.581728,718.2771078,1235.31047,2167.014246,4314.76509,2653.391394,40735.73574,40964.305094294854,60413.47,21515.140188589707
2039,Bellary,Finger millet,2103.593051224937,1124.460932,1007.581728,718.2771078,1235.31047,2167.014246,4314.76509,2653.391394,40735.73574,25985.90520797411,79299.73,-27327.91958405178
2039,Bellary,Chickpea,965.6516398802202,1124.460932,1007.581728,718.2771078,1235.31047,2167.014246,4314.76509,2653.391394,40735.73574,20925.808602936988,40870.34,981.2772058739793
2039,Bellary,Pigeonpea,1105.5284147331354,1124.460932,1007.581728,718.2771078,1235.31047,2167.014246,4314.76509,2653.391394,40735.73574,47700.95409893574,45957.39,49444.51819787148
2039,Bellary,Groundnut,1512.9419215900573,1124.460932,1007.581728,718.2771078,1235.31047,2167.014246,4314.76509,2653.391394,40735.73574,40144.27074368881,67803.33,12485.211487377615
2039,Bellary,Arecanut,5783.422970145751,1124.460932,1007.581728,718.2771078,1235.31047,2167.014246,4314.76509,2653.391394,40735.73574,2355919.8978450317,503137.23,4208702.565690063
2040,Bellary,Rice,6458.759699374728,804.6632021,1412.693258,616.7666187,838.6742488,1949.871162,3391.453723,2133.514663,39708.83787,51971.262612933024,92006.24,11936.285225866042
2040,Bellary,Sorghum,2377.5692410630554,804.6632021,1412.693258,616.7666187,838.6742488,1949.871162,3391.453723,2133.514663,39708.83787,33587.76037277955,60413.47,6762.0507455591
2040,Bellary,Maize,5464.735898158207,804.6632021,1412.693258,616.7666187,838.6742488,1949.871162,3391.453723,2133.514663,39708.83787,33704.666819955455,60413.47,6995.863639910909
2040,Bellary,Finger millet,2049.7452339121824,804.6632021,1412.693258,616.7666187,838.6742488,1949.871162,3391.453723,2133.514663,39708.83787,17190.685442826798,79299.73,-44918.3591143464
2040,Bellary,Chickpea,913.3714914733456,804.6632021,1412.693258,616.7666187,838.6742488,1949.871162,3391.453723,2133.514663,39708.83787,17809.567314168053,40870.34,-5251.205371663891
2040,Bellary,Pigeonpea,985.4645997581608,804.6632021,1412.693258,616.7666187,838.6742488,1949.871162,3391.453723,2133.514663,39708.83787,33421.5758573452,45957.39,20885.761714690394
2040,Bellary,Groundnut,1541.3828680997667,804.6632021,1412.693258,616.7666187,838.6742488,1949.871162,3391.453723,2133.514663,39708.83787,32885.629503878474,67803.33,-2032.0709922430542
2040,Bellary,Arecanut,3864.9373241116455,804.6632021,1412.693258,616.7666187,838.6742488,1949.871162,3391.453723,2133.514663,39708.83787,1534721.6958086097,503137.23,2566306.1616172194
2041,Bellary,Rice,6450.550974443251,1068.847203,1148.88151,939.9196858,976.802025,1529.116767,3500.771238,2840.43962,38774.52806,68946.53366842594,92006.24,45886.82733685187
2041,Bellary,Sorghum,2341.8541482317523,1068.847203,1148.88151,939.9196858,976.802025,1529.116767,3500.771238,2840.43962,38774.52806,26905.129300202596,60413.47,-6603.211399594809
2041,Bellary,Maize,5437.262245343372,1068.847203,1148.88151,939.9196858,976.802025,1529.116767,3500.771238,2840.43962,38774.52806,51105.89821255345,60413.47,41798.326425106905
2041,Bellary,Finger millet,2043.53966027372,1068.847203,1148.88151,939.9196858,976.802025,1529.116767,3500.771238,2840.43962,38774.52806,19961.336783231818,79299.73,-39377.05643353636
2041,Bellary,Chickpea,907.3465804006408,1068.847203,1148.88151,939.9196858,976.802025,1529.116767,3500.771238,2840.43962,38774.52806,13874.388695707336,40870.34,-13121.562608585326
2041,Bellary,Pigeonpea,971.6281086555688,1068.847203,1148.88151,939.9196858,976.802025,1529.116767,3500.771238,2840.43962,38774.52806,34014.477368137545,45957.39,22071.56473627509
2041,Bellary,Groundnut,1544.6604826201192,1068.847203,1148.88151,939.9196858,976.802025,1529.116767,3500.771238,2840.43962,38774.52806,43875.14834282508,67803.33,19946.966685650157
2041,Bellary,Arecanut,3643.845652342477,1068.847203,1148.88151,939.9196858,976.802025,1529.116767,3500.771238,2840.43962,38774.52806,1412883.9549306235,503137.23,2322630.679861247
2042,Bellary,Rice,6418.608934659951,723.1022935,753.9486384,875.9124258,833.1099859,1379.47869,2168.422795,4002.573142,39452.27123,46413.10841732202,92006.24,819.9768346440396
2042,Bellary,Sorghum,2202.878494204498,723.1022935,753.9486384,875.9124258,833.1099859,1379.47869,2168.422795,4002.573142,39452.27123,16608.572412661237,60413.47,-27196.325174677528
2042,Bellary,Maize,5330.355933031819,723.1022935,753.9486384,875.9124258,833.1099859,1379.47869,2168.422795,4002.573142,39452.27123,46689.24995679323,60413.47,32965.02991358646
2042,Bellary,Finger millet,2019.392343645056,723.1022935,753.9486384,875.9124258,833.1099859,1379.47869,2168.422795,4002.573142,39452.27123,16823.759269407004,79299.73,-45652.21146118599
2042,Bellary,Chickpea,883.9022634352566,723.1022935,753.9486384,875.9124258,833.1099859,1379.47869,2168.422795,4002.573142,39452.27123,12193.243364517026,40870.34,-16483.853270965945
2042,Bellary,Pigeonpea,917.7871342107368,723.1022935,753.9486384,875.9124258,833.1099859,1379.47869,2168.422795,4002.573142,39452.27123,19901.50542780286,45957.39,-6154.379144394283
2042,Bellary,Groundnut,1557.4144357952307,723.1022935,753.9486384,875.9124258,833.1099859,1379.47869,2168.422795,4002.573142,39452.27123,62336.65191677074,67803.33,56869.97383354147
2042,Bellary,Arecanut,2783.527023766259,723.1022935,753.9486384,875.9124258,833.1099859,1379.47869,2168.422795,4002.573142,39452.27123,1098164.631176611,503137.23,1693192.032353222
2043,Bellary,Rice,6422.321363426145,901.4896202,840.8503483,736.4703164,725.0172769,2580.50697,4511.87315,3165.299176,39432.67247,57896.56046717381,92006.24,23786.880934347617
2043,Bellary,Sorghum,2219.0307881503954,901.4896202,840.8503483,736.4703164,725.0172769,2580.50697,4511.87315,3165.299176,39432.67247,18658.728111046832,60413.47,-23096.013777906337
2043,Bellary,Maize,5342.781002683152,901.4896202,840.8503483,736.4703164,725.0172769,2580.50697,4511.87315,3165.299176,39432.67247,39347.996155019704,60413.47,18282.522310039407
2043,Bellary,Finger millet,2022.1988392066048,901.4896202,840.8503483,736.4703164,725.0172769,2580.50697,4511.87315,3165.299176,39432.67247,14661.290957519135,79299.73,-49977.14808496172
2043,Bellary,Chickpea,886.6270536270079,901.4896202,840.8503483,736.4703164,725.0172769,2580.50697,4511.87315,3165.299176,39432.67247,22879.472916750576,40870.34,4888.605833501155
2043,Bellary,Pigeonpea,924.0447427944382,901.4896202,840.8503483,736.4703164,725.0172769,2580.50697,4511.87315,3165.299176,39432.67247,41691.72664412882,45957.39,37426.06328825765
2043,Bellary,Groundnut,1555.9321214855877,901.4896202,840.8503483,736.4703164,725.0172769,2580.50697,4511.87315,3165.299176,39432.67247,49249.906620502625,67803.33,30696.483241005248
2043,Bellary,Arecanut,2883.516618873105,901.4896202,840.8503483,736.4703164,725.0172769,2580.50697,4511.87315,3165.299176,39432.67247,1137047.6639382497,503137.23,1770958.0978764994
2044,Bellary,Rice,6553.286883664062,1126.930474,1236.414109,642.0945051,1124.53497,2524.35395,2278.584069,2423.067927,38780.92502,73850.98694065525,92006.24,55695.73388131049
2044,Bellary,Sorghum,2788.844705907769,1126.930474,1236.414109,642.0945051,1124.53497,2524.35395,2278.584069,2423.067927,38780.92502,34481.66942194321,60413.47,8549.86884388642
2044,Bellary,Maize,5781.10744969734,1126.930474,1236.414109,642.0945051,1124.53497,2524.35395,2278.584069,2423.067927,38780.92502,37120.17326843337,60413.47,13826.876536866737
2044,Bellary,Finger millet,2121.2052240861344,1126.930474,1236.414109,642.0945051,1124.53497,2524.35395,2278.584069,2423.067927,38780.92502,23853.694530315443,79299.73,-31592.34093936911
2044,Bellary,Chickpea,982.751070403151,1126.930474,1236.414109,642.0945051,1124.53497,2524.35395,2278.584069,2423.067927,38780.92502,24808.115464389222,40870.34,8745.890928778448
2044,Bellary,Pigeonpea,1144.798059618318,1126.930474,1236.414109,642.0945051,1124.53497,2524.35395,2278.584069,2423.067927,38780.92502,26085.186208684114,45957.39,6212.982417368228
2044,Bellary,Groundnut,1503.6396528768107,1126.930474,1236.414109,642.0945051,1124.53497,2524.35395,2278.584069,2423.067927,38780.92502,36434.21016651213,67803.33,5065.090333024258
2044,Bellary,Arecanut,6410.908029260206,1126.930474,1236.414109,642.0945051,1124.53497,2524.35395,2278.584069,2423.067927,38780.92502,2486209.43592856,503137.23,4469281.641857119
2045,Bellary,Rice,6442.3340034394805,691.8795357,815.2847424,598.6253724,864.2153938,3023.894051,3727.652176,3216.121789,38819.07739,44573.1905912403,92006.24,-2859.858817519402
2045,Bellary,Sorghum,2306.103177814108,691.8795357,815.2847424,598.6253724,864.2153938,3023.894051,3727.652176,3216.121789,38819.07739,18801.307352719967,60413.47,-22810.855294560068
2045,Bellary,Maize,5409.76099387842,691.8795357,815.2847424,598.6253724,864.2153938,3023.894051,3727.652176,3216.121789,38819.07739,32384.201895554626,60413.47,4354.933791109252
2045,Bellary,Finger millet,2037.3278528280248,691.8795357,815.2847424,598.6253724,864.2153938,3023.894051,3727.652176,3216.121789,38819.07739,17606.9009263148,79299.73,-44085.928147370396
2045,Bellary,Chickpea,901.3156170052324,691.8795357,815.2847424,598.6253724,864.2153938,3023.894051,3727.652176,3216.121789,38819.07739,27254.82932335517,40870.34,13639.318646710344
2045,Bellary,Pigeonpea,957.777718109777,691.8795357,815.2847424,598.6253724,864.2153938,3023.894051,3727.652176,3216.121789,38819.07739,35702.62195036225,45957.39,25447.853900724498
2045,Bellary,Groundnut,1547.9413896672054,691.8795357,815.2847424,598.6253724,864.2153938,3023.894051,3727.652176,3216.121789,38819.07739,49783.680314036385,67803.33,31764.030628072767
2045,Bellary,Arecanut,3422.5318829973457,691.8795357,815.2847424,598.6253724,864.2153938,3023.894051,3727.652176,3216.121789,38819.07739,1328595.300358164,503137.23,2154053.370716328
2046,Bellary,Rice,6418.608931674014,861.4645916,1007.674803,1107.444698,525.7421015,1437.178117,2227.906464,2291.761151,39451.62203,55294.04321964666,92006.24,18581.84643929331
2046,Bellary,Sorghum,2202.8784812130743,861.4645916,1007.674803,1107.444698,525.7421015,1437.178117,2227.906464,2291.761151,39451.62203,22197.851395893238,60413.47,-16017.767208213525
2046,Bellary,Maize,5330.355923038233,861.4645916,1007.674803,1107.444698,525.7421015,1437.178117,2227.906464,2291.761151,39451.62203,59030.74405421587,60413.47,57648.018108431745
2046,Bellary,Finger millet,2019.3923413877685,861.4645916,1007.674803,1107.444698,525.7421015,1437.178117,2227.906464,2291.761151,39451.62203,10616.79573314211,79299.73,-58066.13853371578
2046,Bellary,Chickpea,883.9022612436854,861.4645916,1007.674803,1107.444698,525.7421015,1437.178117,2227.906464,2291.761151,39451.62203,12703.249874262418,40870.34,-15463.840251475161
2046,Bellary,Pigeonpea,917.7871291776904,861.4645916,1007.674803,1107.444698,525.7421015,1437.178117,2227.906464,2291.761151,39451.62203,20447.438776709798,45957.39,-5062.512446580404
2046,Bellary,Groundnut,1557.4144369874684,861.4645916,1007.674803,1107.444698,525.7421015,1437.178117,2227.906464,2291.761151,39451.62203,35692.21902694418,67803.33,3581.1080538883543
2046,Bellary,Arecanut,2783.5269433438,861.4645916,1007.674803,1107.444698,525.7421015,1437.178117,2227.906464,2291.761151,39451.62203,1098146.5287912083,503137.23,1693155.8275824166
2017,Davanagere,Rice,6482.369611331119,1025.083024,1029.694576,686.6964122,923.8282356,1707.459731,2667.431498,2869.038948,30356.0,66449.67043869008,92006.24,40893.10087738016
2017,Davanagere,Sorghum,2480.2928923366007,1025.083024,1029.694576,686.6964122,923.8282356,1707.459731,2667.431498,2869.038948,30356.0,25539.441381303503,60413.47,-9334.587237392996
2017,Davanagere,Maize,5543.755542438343,1025.083024,1029.694576,686.6964122,923.8282356,1707.459731,2667.431498,2869.038948,30356.0,38068.77041106275,60413.47,15724.070822125504
2017,Davanagere,Finger millet,2067.593687656953,1025.083024,1029.694576,686.6964122,923.8282356,1707.459731,2667.431498,2869.038948,30356.0,19101.0142840582,79299.73,-41097.70143188359
2017,Davanagere,Chickpea,930.7003240458932,1025.083024,1029.694576,686.6964122,923.8282356,1707.459731,2667.431498,2869.038948,30356.0,15891.333249370135,40870.34,-9087.673501259727
2017,Davanagere,Pigeonpea,1025.261077218984,1025.083024,1029.694576,686.6964122,923.8282356,1707.459731,2667.431498,2869.038948,30356.0,27348.136910473277,45957.39,8738.883820946554
2017,Davanagere,Groundnut,1531.9558022766955,1025.083024,1029.694576,686.6964122,923.8282356,1707.459731,2667.431498,2869.038948,30356.0,43952.40863346426,67803.33,20101.487266928525
2017,Davanagere,Arecanut,4500.840579286592,1025.083024,1029.694576,686.6964122,923.8282356,1707.459731,2667.431498,2869.038948,30356.0,1366275.166248238,503137.23,2229413.102496476
2018,Davanagere,Rice,6526.76300985473,1037.460497,768.2508152,790.865562,601.0086737,2442.304944,1791.322484,3088.159259,25774.23742,67712.58796005104,92006.24,43418.93592010207
2018,Davanagere,Sorghum,2673.442786212098,1037.460497,768.2508152,790.865562,601.0086737,2442.304944,1791.322484,3088.159259,25774.23742,20538.745998980037,60413.47,-19335.978002039927
2018,Davanagere,Maize,5692.335112163179,1037.460497,768.2508152,790.865562,601.0086737,2442.304944,1791.322484,3088.159259,25774.23742,45018.71807573265,60413.47,29623.966151465298
2018,Davanagere,Finger millet,2101.1538941323247,1037.460497,768.2508152,790.865562,601.0086737,2442.304944,1791.322484,3088.159259,25774.23742,12628.117151520586,79299.73,-54043.495696958824
2018,Davanagere,Chickpea,963.2834938502926,1037.460497,768.2508152,790.865562,601.0086737,2442.304944,1791.322484,3088.159259,25774.23742,23526.320395041632,40870.34,6182.300790083267
2018,Davanagere,Pigeonpea,1100.089856208815,1037.460497,768.2508152,790.865562,601.0086737,2442.304944,1791.322484,3088.159259,25774.23742,19706.156938471777,45957.39,-6545.076123056446
2018,Davanagere,Groundnut,1514.230217752497,1037.460497,768.2508152,790.865562,601.0086737,2442.304944,1791.322484,3088.159259,25774.23742,46761.8406720996,67803.33,25720.351344199196
2018,Davanagere,Arecanut,5696.520880068071,1037.460497,768.2508152,790.865562,601.0086737,2442.304944,1791.322484,3088.159259,25774.23742,1468234.8163086183,503137.23,2433332.4026172366
2019,Davanagere,Rice,6417.985932511019,918.6922412,727.8085078,723.2200348,995.2127142,1120.88016,2875.270415,2839.365727,26094.11765,58961.538803286196,92006.24,25916.837606572386
2019,Davanagere,Sorghum,2200.167893012604,918.6922412,727.8085078,723.2200348,995.2127142,1120.88016,2875.270415,2839.365727,26094.11765,16013.009111229734,60413.47,-28387.451777540533
2019,Davanagere,Maize,5328.270816904099,918.6922412,727.8085078,723.2200348,995.2127142,1120.88016,2875.270415,2839.365727,26094.11765,38535.12205625207,60413.47,16656.774112504136
2019,Davanagere,Finger millet,2018.9213709002768,918.6922412,727.8085078,723.2200348,995.2127142,1120.88016,2875.270415,2839.365727,26094.11765,20092.562172900492,79299.73,-39114.60565419901
2019,Davanagere,Chickpea,883.4450020972596,918.6922412,727.8085078,723.2200348,995.2127142,1120.88016,2875.270415,2839.365727,26094.11765,9902.359753019766,40870.34,-21065.620493960465
2019,Davanagere,Pigeonpea,916.737012083056,918.6922412,727.8085078,723.2200348,995.2127142,1120.88016,2875.270415,2839.365727,26094.11765,26358.668091779084,45957.39,6759.946183558168
2019,Davanagere,Groundnut,1557.6631907366611,918.6922412,727.8085078,723.2200348,995.2127142,1120.88016,2875.270415,2839.365727,26094.11765,44227.75477987139,67803.33,20652.179559742784
2019,Davanagere,Arecanut,2766.7472452046813,918.6922412,727.8085078,723.2200348,995.2127142,1120.88016,2875.270415,2839.365727,26094.11765,721958.2812418435,503137.23,940779.332483687
2020,Davanagere,Rice,6528.506754125476,1045.236936,603.8960311,1073.929095,718.8260091,2624.215782,2806.801519,2157.827807,31529.00777,68238.36396337418,92006.24,44470.48792674836
2020,Davanagere,Sorghum,2681.029590377621,1045.236936,603.8960311,1073.929095,718.8260091,2624.215782,2806.801519,2157.827807,31529.00777,16190.63128890704,60413.47,-28032.207422185922
2020,Davanagere,Maize,5698.171222532604,1045.236936,603.8960311,1073.929095,718.8260091,2624.215782,2806.801519,2157.827807,31529.00777,61194.31864169482,60413.47,61975.167283389645
2020,Davanagere,Finger millet,2102.472117555462,1045.236936,603.8960311,1073.929095,718.8260091,2624.215782,2806.801519,2157.827807,31529.00777,15113.116415064187,79299.73,-49073.497169871625
2020,Davanagere,Chickpea,964.5633398985505,1045.236936,603.8960311,1073.929095,718.8260091,2624.215782,2806.801519,2157.827807,31529.00777,25312.223393004067,40870.34,9754.106786008138
2020,Davanagere,Pigeonpea,1103.0290827377562,1045.236936,603.8960311,1073.929095,718.8260091,2624.215782,2806.801519,2157.827807,31529.00777,30959.837049295107,45957.39,15962.284098590215
2020,Davanagere,Groundnut,1513.5339681413468,1045.236936,603.8960311,1073.929095,718.8260091,2624.215782,2806.801519,2157.827807,31529.00777,32659.456832944503,67803.33,-2484.416334110996
2020,Davanagere,Arecanut,5743.486436738011,1045.236936,603.8960311,1073.929095,718.8260091,2624.215782,2806.801519,2157.827807,31529.00777,1810864.2849080237,503137.23,3118591.3398160473
2021,Davanagere,Rice,6492.189881827723,961.9487224,854.5190195,948.4210839,929.4978091,2186.871043,3532.500991,1686.015155,38344.77433,62451.537624023855,92006.24,32896.835248047704
2021,Davanagere,Sorghum,2523.019609986728,961.9487224,854.5190195,948.4210839,929.4978091,2186.871043,3532.500991,1686.015155,38344.77433,21559.68243305131,60413.47,-17294.105133897378
2021,Davanagere,Maize,5576.622851846767,961.9487224,854.5190195,948.4210839,929.4978091,2186.871043,3532.500991,1686.015155,38344.77433,52889.86689650019,60413.47,45366.263793000384
2021,Davanagere,Finger millet,2075.0175460789383,961.9487224,854.5190195,948.4210839,929.4978091,2186.871043,3532.500991,1686.015155,38344.77433,19287.242629244316,79299.73,-40725.244741511364
2021,Davanagere,Chickpea,937.9080520360318,961.9487224,854.5190195,948.4210839,929.4978091,2186.871043,3532.500991,1686.015155,38344.77433,20510.83959994135,40870.34,151.33919988270645
2021,Davanagere,Pigeonpea,1041.813962896794,961.9487224,854.5190195,948.4210839,929.4978091,2186.871043,3532.500991,1686.015155,38344.77433,36802.08856370562,45957.39,27646.78712741124
2021,Davanagere,Groundnut,1528.0347230052926,961.9487224,854.5190195,948.4210839,929.4978091,2186.871043,3532.500991,1686.015155,38344.77433,25762.897003531507,67803.33,-16277.535992936988
2021,Davanagere,Arecanut,4765.337202019605,961.9487224,854.5190195,948.4210839,929.4978091,2186.871043,3532.500991,1686.015155,38344.77433,1827257.7961779537,503137.23,3151378.3623559074
2022,Davanagere,Rice,6516.76367535142,1057.232238,1258.220066,813.3789867,610.833739,2096.279733,1018.706609,1807.593337,35569.89071,68897.32645008888,92006.24,45788.41290017775
2022,Davanagere,Sorghum,2629.9369843953546,1057.232238,1258.220066,813.3789867,610.833739,2096.279733,1018.706609,1807.593337,35569.89071,33090.39486081764,60413.47,5767.3197216352855
2022,Davanagere,Maize,5658.868496237247,1057.232238,1258.220066,813.3789867,610.833739,2096.279733,1018.706609,1807.593337,35569.89071,46028.04723338006,60413.47,31642.624466760113
2022,Davanagere,Finger millet,2093.5946681728856,1057.232238,1258.220066,813.3789867,610.833739,2096.279733,1018.706609,1807.593337,35569.89071,12788.38259110508,79299.73,-53722.964817789834
2022,Davanagere,Chickpea,955.9443392712832,1057.232238,1258.220066,813.3789867,610.833739,2096.279733,1018.706609,1807.593337,35569.89071,20039.267442904667,40870.34,-791.8051141906617
2022,Davanagere,Pigeonpea,1083.2351432001765,1057.232238,1258.220066,813.3789867,610.833739,2096.279733,1018.706609,1807.593337,35569.89071,11034.987994790812,45957.39,-23887.414010418375
2022,Davanagere,Groundnut,1518.2227944602678,1057.232238,1258.220066,813.3789867,610.833739,2096.279733,1018.706609,1807.593337,35569.89071,27443.294073479006,67803.33,-12916.741853041989
2022,Davanagere,Arecanut,5427.201393744591,1057.232238,1258.220066,813.3789867,610.833739,2096.279733,1018.706609,1807.593337,35569.89071,1930449.6043665477,503137.23,3357761.9787330953
2023,Davanagere,Rice,6660.611719512787,861.430644,1135.174374,1060.798733,735.0104532,2108.776785,5584.671264,1280.285477,36269.42971,57376.550429738476,92006.24,22746.860859476947
2023,Davanagere,Sorghum,3255.801085545194,861.430644,1135.174374,1060.798733,735.0104532,2108.776785,5584.671264,1280.285477,36269.42971,36959.01959152286,60413.47,13504.569183045722
2023,Davanagere,Maize,6140.311260658365,861.430644,1135.174374,1060.798733,735.0104532,2108.776785,5584.671264,1280.285477,36269.42971,65136.34405532027,60413.47,69859.21811064053
2023,Davanagere,Finger millet,2202.3398920954546,861.430644,1135.174374,1060.798733,735.0104532,2108.776785,5584.671264,1280.285477,36269.42971,16187.428421895193,79299.73,-46924.87315620961
2023,Davanagere,Chickpea,1061.523668739556,861.430644,1135.174374,1060.798733,735.0104532,2108.776785,5584.671264,1280.285477,36269.42971,22385.164693660055,40870.34,3899.9893873201145
2023,Davanagere,Pigeonpea,1325.7030294771353,861.430644,1135.174374,1060.798733,735.0104532,2108.776785,5584.671264,1280.285477,36269.42971,74036.15613318702,45957.39,102114.92226637404
2023,Davanagere,Groundnut,1460.7865370386407,861.430644,1135.174374,1060.798733,735.0104532,2108.776785,5584.671264,1280.285477,36269.42971,18702.237883676942,67803.33,-30398.854232646117
2023,Davanagere,Arecanut,9301.567367735444,861.430644,1135.174374,1060.798733,735.0104532,2108.776785,5584.671264,1280.285477,36269.42971,3373625.438369104,503137.23,6244113.646738209
2024,Davanagere,Rice,6550.294708228485,1019.500402,908.5993823,627.6951741,550.9397914,2608.888224,3100.302041,2518.679952,36139.20821,66780.28088257414,92006.24,41554.32176514827
2024,Davanagere,Sorghum,2775.826140376429,1019.500402,908.5993823,627.6951741,550.9397914,2608.888224,3100.302041,2518.679952,36139.20821,25221.13916518217,60413.47,-9971.191669635664
2024,Davanagere,Maize,5771.092984629459,1019.500402,908.5993823,627.6951741,550.9397914,2608.888224,3100.302041,2518.679952,36139.20821,36224.872157342776,60413.47,12036.27431468555
2024,Davanagere,Finger millet,2118.943220527766,1019.500402,908.5993823,627.6951741,550.9397914,2608.888224,3100.302041,2518.679952,36139.20821,11674.101359060114,79299.73,-55951.52728187977
2024,Davanagere,Chickpea,980.5549204451772,1019.500402,908.5993823,627.6951741,550.9397914,2608.888224,3100.302041,2518.679952,36139.20821,25581.581849346792,40870.34,10292.823698693588
2024,Davanagere,Pigeonpea,1139.7544981471574,1019.500402,908.5993823,627.6951741,550.9397914,2608.888224,3100.302041,2518.679952,36139.20821,35335.83196844562,45957.39,24714.273936891244
2024,Davanagere,Groundnut,1504.8343813805618,1019.500402,908.5993823,627.6951741,550.9397914,2608.888224,3100.302041,2518.679952,36139.20821,37901.96187463543,67803.33,8000.593749270862
2024,Davanagere,Arecanut,6330.317550860623,1019.500402,908.5993823,627.6951741,550.9397914,2608.888224,3100.302041,2518.679952,36139.20821,2287726.640059693,503137.23,4072316.0501193856
2025,Davanagere,Rice,6600.775734952257,825.3548457,986.5825055,907.2809188,728.4881058,2666.020238,1640.300664,3030.927258,36406.71936,54479.82238221825,92006.24,16953.40476443649
2025,Davanagere,Sorghum,2995.462511519248,825.3548457,986.5825055,907.2809188,728.4881058,2666.020238,1640.300664,3030.927258,36406.71936,29552.709097459825,60413.47,-1308.0518050803512
2025,Davanagere,Maize,5940.047141763814,825.3548457,986.5825055,907.2809188,728.4881058,2666.020238,1640.300664,3030.927258,36406.71936,53892.914284947874,60413.47,47372.35856989575
2025,Davanagere,Finger millet,2157.105508982377,825.3548457,986.5825055,907.2809188,728.4881058,2666.020238,1640.300664,3030.927258,36406.71936,15714.257062493169,79299.73,-47871.21587501366
2025,Davanagere,Chickpea,1017.606192038324,825.3548457,986.5825055,907.2809188,728.4881058,2666.020238,1640.300664,3030.927258,36406.71936,27129.587022882864,40870.34,13388.834045765732
2025,Davanagere,Pigeonpea,1224.8444826385205,825.3548457,986.5825055,907.2809188,728.4881058,2666.020238,1640.300664,3030.927258,36406.71936,20091.13218168702,45957.39,-5775.125636625962
2025,Davanagere,Groundnut,1484.6781028387277,825.3548457,986.5825055,907.2809188,728.4881058,2666.020238,1640.300664,3030.927258,36406.71936,44999.513312496274,67803.33,22195.696624992546
2025,Davanagere,Arecanut,7689.960453278559,825.3548457,986.5825055,907.2809188,728.4881058,2666.020238,1640.300664,3030.927258,36406.71936,2799662.3211201094,503137.23,5096187.412240218
2026,Davanagere,Rice,6625.844917476709,1046.003993,1327.317695,856.7949797,247.5933431,1486.04973,3155.578738,1642.835153,36789.85783,69306.60240679394,92006.24,46606.96481358788
2026,Davanagere,Sorghum,3104.535258936145,1046.003993,1327.317695,856.7949797,247.5933431,1486.04973,3155.578738,1642.835153,36789.85783,41207.045839373524,60413.47,22000.621678747048
2026,Davanagere,Maize,6023.950795836514,1046.003993,1327.317695,856.7949797,247.5933431,1486.04973,3155.578738,1642.835153,36789.85783,51612.90799832545,60413.47,42812.345996650896
2026,Davanagere,Finger millet,2176.057131738673,1046.003993,1327.317695,856.7949797,247.5933431,1486.04973,3155.578738,1642.835153,36789.85783,5387.772600237752,79299.73,-68524.18479952449
2026,Davanagere,Chickpea,1036.0060771162207,1046.003993,1327.317695,856.7949797,247.5933431,1486.04973,3155.578738,1642.835153,36789.85783,15395.565511769188,40870.34,-10079.208976461621
2026,Davanagere,Pigeonpea,1267.100682455714,1046.003993,1327.317695,856.7949797,247.5933431,1486.04973,3155.578738,1642.835153,36789.85783,39984.35972462541,45957.39,34011.329449250814
2026,Davanagere,Groundnut,1474.6683732715396,1046.003993,1327.317695,856.7949797,247.5933431,1486.04973,3155.578738,1642.835153,36789.85783,24226.37042627811,67803.33,-19350.58914744378
2026,Davanagere,Arecanut,8365.167324075825,1046.003993,1327.317695,856.7949797,247.5933431,1486.04973,3155.578738,1642.835153,36789.85783,3077533.1657691114,503137.23,5651929.101538222
2027,Davanagere,Rice,6516.776338327886,962.7670851,750.8443745,680.5071229,985.3878631,2606.086671,3886.557597,3185.920733,37075.00449,62741.3775950059,92006.24,33476.51519001179
2027,Davanagere,Sorghum,2629.992079356364,962.7670851,750.8443745,680.5071229,985.3878631,2606.086671,3886.557597,3185.920733,37075.00449,19747.14757764283,60413.47,-20919.17484471434
2027,Davanagere,Maize,5658.910877754712,962.7670851,750.8443745,680.5071229,985.3878631,2606.086671,3886.557597,3185.920733,37075.00449,38509.291601683726,60413.47,16605.11320336745
2027,Davanagere,Finger millet,2093.60424104,962.7670851,750.8443745,680.5071229,985.3878631,2606.086671,3886.557597,3185.920733,37075.00449,20630.12209255503,79299.73,-38039.48581488994
2027,Davanagere,Chickpea,955.9536334439796,962.7670851,750.8443745,680.5071229,985.3878631,2606.086671,3886.557597,3185.920733,37075.00449,24912.980222123748,40870.34,8955.6204442475
2027,Davanagere,Pigeonpea,1083.2564877040645,962.7670851,750.8443745,680.5071229,985.3878631,2606.086671,3886.557597,3185.920733,37075.00449,42101.38731785769,45957.39,38245.38463571538
2027,Davanagere,Groundnut,1518.217738333295,962.7670851,750.8443745,680.5071229,985.3878631,2606.086671,3886.557597,3185.920733,37075.00449,48369.21369764414,67803.33,28935.097395288278
2027,Davanagere,Arecanut,5427.542455073845,962.7670851,750.8443745,680.5071229,985.3878631,2606.086671,3886.557597,3185.920733,37075.00449,2012261.6089152843,503137.23,3521385.9878305686
2028,Davanagere,Rice,6466.67407658038,1097.494005,1095.850029,1217.634009,1123.248353,2132.826399,4152.550997,2936.123007,37141.36037,70971.36031335877,92006.24,49936.480626717545
2028,Davanagere,Sorghum,2412.003665283798,1097.494005,1095.850029,1217.634009,1123.248353,2132.826399,4152.550997,2936.123007,37141.36037,26431.942865493562,60413.47,-7549.5842690128775
2028,Davanagere,Maize,5491.224403182902,1097.494005,1095.850029,1217.634009,1123.248353,2132.826399,4152.550997,2936.123007,37141.36037,66863.0158436623,60413.47,73312.5616873246
2028,Davanagere,Finger millet,2055.7282886450703,1097.494005,1095.850029,1217.634009,1123.248353,2132.826399,4152.550997,2936.123007,37141.36037,23090.934144360835,79299.73,-33117.861711278325
2028,Davanagere,Chickpea,919.180361822632,1097.494005,1095.850029,1217.634009,1123.248353,2132.826399,4152.550997,2936.123007,37141.36037,19604.521411376812,40870.34,-1661.2971772463716
2028,Davanagere,Pigeonpea,998.8049431979398,1097.494005,1095.850029,1217.634009,1123.248353,2132.826399,4152.550997,2936.123007,37141.36037,41475.88462685134,45957.39,36994.379253702675
2028,Davanagere,Groundnut,1538.2227819883017,1097.494005,1095.850029,1217.634009,1123.248353,2132.826399,4152.550997,2936.123007,37141.36037,45164.11300087398,67803.33,22524.896001747955
2028,Davanagere,Arecanut,4078.1011104507343,1097.494005,1095.850029,1217.634009,1123.248353,2132.826399,4152.550997,2936.123007,37141.36037,1514662.229685479,503137.23,2526187.229370958
2029,Davanagere,Rice,6600.776042384035,670.5397663,986.7162696,1154.311528,755.7178315,1596.538252,3823.545746,2136.111158,37901.15494,44260.828248588296,92006.24,-3484.583502823414
2029,Davanagere,Sorghum,2995.463849114862,670.5397663,986.7162696,1154.311528,755.7178315,1596.538252,3823.545746,2136.111158,37901.15494,29556.729149202743,60413.47,-1300.0117015945143
2029,Davanagere,Maize,5940.04817070241,670.5397663,986.7162696,1154.311528,755.7178315,1596.538252,3823.545746,2136.111158,37901.15494,68566.66080317103,60413.47,76719.85160634207
2029,Davanagere,Finger millet,2157.105741392471,670.5397663,986.7162696,1154.311528,755.7178315,1596.538252,3823.545746,2136.111158,37901.15494,16301.632732013179,79299.73,-46696.46453597364
2029,Davanagere,Chickpea,1017.606417682274,670.5397663,986.7162696,1154.311528,755.7178315,1596.538252,3823.545746,2136.111158,37901.15494,16246.475713104397,40870.34,-8377.388573791202
2029,Davanagere,Pigeonpea,1224.8450008404443,670.5397663,986.7162696,1154.311528,755.7178315,1596.538252,3823.545746,2136.111158,37901.15494,46832.50892472847,45957.39,47707.62784945694
2029,Davanagere,Groundnut,1484.6779800860631,670.5397663,986.7162696,1154.311528,755.7178315,1596.538252,3823.545746,2136.111158,37901.15494,31714.371992987417,67803.33,-4374.586014025168
2029,Davanagere,Arecanut,7689.968733566443,670.5397663,986.7162696,1154.311528,755.7178315,1596.538252,3823.545746,2136.111158,37901.15494,2914586.9645465733,503137.23,5326036.699093146
2030,Davanagere,Rice,6558.400769937733,695.465159,1097.056231,734.3334332,342.5909979,2574.627317,3670.926503,2880.187305,37972.42574,45611.392342504674,92006.24,-783.4553149906569
2030,Davanagere,Sorghum,2811.094558901692,695.465159,1097.056231,734.3334332,342.5909979,2574.627317,3670.926503,2880.187305,37972.42574,30839.288017732975,60413.47,1265.1060354659494
2030,Davanagere,Maize,5798.223035514896,695.465159,1097.056231,734.3334332,342.5909979,2574.627317,3670.926503,2880.187305,37972.42574,42578.29028128979,60413.47,24743.110562579575
2030,Davanagere,Finger millet,2125.0711835518123,695.465159,1097.056231,734.3334332,342.5909979,2574.627317,3670.926503,2880.187305,37972.42574,7280.302573815495,79299.73,-64739.12485236901
2030,Davanagere,Chickpea,986.504480377537,695.465159,1097.056231,734.3334332,342.5909979,2574.627317,3670.926503,2880.187305,37972.42574,25398.81383522897,40870.34,9927.287670457947
2030,Davanagere,Pigeonpea,1153.4179418187796,695.465159,1097.056231,734.3334332,342.5909979,2574.627317,3670.926503,2880.187305,37972.42574,42341.1249165827,45957.39,38724.85983316541
2030,Davanagere,Groundnut,1501.597758667182,695.465159,1097.056231,734.3334332,342.5909979,2574.627317,3670.926503,2880.187305,37972.42574,43248.828017296706,67803.33,18694.32603459341
2030,Davanagere,Arecanut,6548.644117985504,695.465159,1097.056231,734.3334332,342.5909979,2574.627317,3670.926503,2880.187305,37972.42574,2486679.024678923,503137.23,4470220.819357846
2031,Davanagere,Rice,6515.0301010045805,934.8544719,638.9790459,1275.296603,720.1264814,3249.723823,3426.604723,3401.092694,38949.51454,60906.05024487241,92006.24,29805.86048974481
2031,Davanagere,Sorghum,2622.3944282439206,934.8544719,638.9790459,1275.296603,720.1264814,3249.723823,3426.604723,3401.092694,38949.51454,16756.55089732776,60413.47,-26900.36820534448
2031,Davanagere,Maize,5653.06642342675,934.8544719,638.9790459,1275.296603,720.1264814,3249.723823,3426.604723,3401.092694,38949.51454,72093.36406329494,60413.47,83773.25812658988
2031,Davanagere,Finger millet,2092.284132936675,934.8544719,638.9790459,1275.296603,720.1264814,3249.723823,3426.604723,3401.092694,38949.51454,15067.092107407378,79299.73,-49165.54578518524
2031,Davanagere,Chickpea,954.6719575841372,934.8544719,638.9790459,1275.296603,720.1264814,3249.723823,3426.604723,3401.092694,38949.51454,31024.20203711216,40870.34,21178.064074224327
2031,Davanagere,Pigeonpea,1080.3130589269238,934.8544719,638.9790459,1275.296603,720.1264814,3249.723823,3426.604723,3401.092694,38949.51454,37018.05830037574,45957.39,28078.726600751485
2031,Davanagere,Groundnut,1518.9149833810493,934.8544719,638.9790459,1275.296603,720.1264814,3249.723823,3426.604723,3401.092694,38949.51454,51659.70652784418,67803.33,35516.08305568836
2031,Davanagere,Arecanut,5380.5097511718,934.8544719,638.9790459,1275.296603,720.1264814,3249.723823,3426.604723,3401.092694,38949.51454,2095682.427858778,503137.23,3688227.625717556
2032,Davanagere,Rice,6516.77636432216,959.4177672,665.6050572,679.6662699,932.6584728,1280.470884,4252.098379,2297.444232,39034.47922,62523.11028799699,92006.24,33039.98057599398
2032,Davanagere,Sorghum,2629.992192454062,959.4177672,665.6050572,679.6662699,932.6584728,1280.470884,4252.098379,2297.444232,39034.47922,17505.361036939397,60413.47,-25402.747926121207
2032,Davanagere,Maize,5658.91096475454,959.4177672,665.6050572,679.6662699,932.6584728,1280.470884,4252.098379,2297.444232,39034.47922,38461.70907110928,60413.47,16509.948142218564
2032,Davanagere,Finger millet,2093.604260690967,959.4177672,665.6050572,679.6662699,932.6584728,1280.470884,4252.098379,2297.444232,39034.47922,19526.177524236104,79299.73,-40247.37495152779
2032,Davanagere,Chickpea,955.9536525228486,959.4177672,665.6050572,679.6662699,932.6584728,1280.470884,4252.098379,2297.444232,39034.47922,12240.708185089608,40870.34,-16388.92362982078
2032,Davanagere,Pigeonpea,1083.256531519583,959.4177672,665.6050572,679.6662699,932.6584728,1280.470884,4252.098379,2297.444232,39034.47922,46061.13341715581,45957.39,46164.876834311624
2032,Davanagere,Groundnut,1518.217727954191,959.4177672,665.6050572,679.6662699,932.6584728,1280.470884,4252.098379,2297.444232,39034.47922,34880.20562008501,67803.33,1957.081240170024
2032,Davanagere,Arecanut,5427.543155196888,959.4177672,665.6050572,679.6662699,932.6584728,1280.470884,4252.098379,2297.444232,39034.47922,2118613.205071862,503137.23,3734089.1801437237
2033,Davanagere,Rice,6517.59033897791,906.1360845,994.8681174,768.7476374,1034.565518,1822.50847,4637.335321,3499.040912,39705.68785,59058.237901364715,92006.24,26110.235802729425
2033,Davanagere,Sorghum,2633.533690145253,906.1360845,994.8681174,768.7476374,1034.565518,1822.50847,4637.335321,3499.040912,39705.68785,26200.187044242823,60413.47,-8013.095911514356
2033,Davanagere,Maize,5661.63524377215,906.1360845,994.8681174,768.7476374,1034.565518,1822.50847,4637.335321,3499.040912,39705.68785,43523.68717470413,60413.47,26633.904349408258
2033,Davanagere,Finger millet,2094.2196034766325,906.1360845,994.8681174,768.7476374,1034.565518,1822.50847,4637.335321,3499.040912,39705.68785,21666.07388876557,79299.73,-35967.58222246885
2033,Davanagere,Chickpea,956.5510808637014,906.1360845,994.8681174,768.7476374,1034.565518,1822.50847,4637.335321,3499.040912,39705.68785,17433.224468617507,40870.34,-6003.891062764982
2033,Davanagere,Pigeonpea,1084.628553749105,906.1360845,994.8681174,768.7476374,1034.565518,1822.50847,4637.335321,3499.040912,39705.68785,50297.86302465872,45957.39,54638.33604931744
2033,Davanagere,Groundnut,1517.8927206999397,906.1360845,994.8681174,768.7476374,1034.565518,1822.50847,4637.335321,3499.040912,39705.68785,53111.687297560784,67803.33,38420.044595121566
2033,Davanagere,Arecanut,5449.466537807434,906.1360845,994.8681174,768.7476374,1034.565518,1822.50847,4637.335321,3499.040912,39705.68785,2163748.1729920222,503137.23,3824359.1159840445
2034,Davanagere,Rice,6580.316029309982,1200.023069,1519.876953,1030.06437,679.5364571,2632.094595,2241.594797,3094.442605,40797.7556,78965.31036482459,92006.24,65924.38072964917
2034,Davanagere,Sorghum,2906.4449975429825,1200.023069,1519.876953,1030.06437,679.5364571,2632.094595,2241.594797,3094.442605,40797.7556,44174.38766927721,60413.47,27935.30533855442
2034,Davanagere,Maize,5871.570873622068,1200.023069,1519.876953,1030.06437,679.5364571,2632.094595,2241.594797,3094.442605,40797.7556,60480.95952847865,60413.47,60548.449056957295
2034,Davanagere,Finger millet,2141.638525858413,1200.023069,1519.876953,1030.06437,679.5364571,2632.094595,2241.594797,3094.442605,40797.7556,14553.214562506926,79299.73,-50193.30087498615
2034,Davanagere,Chickpea,1002.5894984473672,1200.023069,1519.876953,1030.06437,679.5364571,2632.094595,2241.594797,3094.442605,40797.7556,26389.10399867076,40870.34,11907.86799734152
2034,Davanagere,Pigeonpea,1190.357940886404,1200.023069,1519.876953,1030.06437,679.5364571,2632.094595,2241.594797,3094.442605,40797.7556,26683.00166858597,45957.39,7408.613337171941
2034,Davanagere,Groundnut,1492.8473409183373,1200.023069,1519.876953,1030.06437,679.5364571,2632.094595,2241.594797,3094.442605,40797.7556,46195.30414498663,67803.33,24587.278289973256
2034,Davanagere,Arecanut,7138.904039265884,1200.023069,1519.876953,1030.06437,679.5364571,2632.094595,2241.594797,3094.442605,40797.7556,2912512.6224582237,503137.23,5321888.014916448
2035,Davanagere,Rice,6550.295775720045,980.123416,864.7164647,618.3093584,634.6436844,2307.402664,4314.844761,1406.012106,40314.23924,64200.982715091,92006.24,36395.72543018199
2035,Davanagere,Sorghum,2775.8307848931463,980.123416,864.7164647,618.3093584,634.6436844,2307.402664,4314.844761,1406.012106,40314.23924,24003.065829182277,60413.47,-12407.338341635448
2035,Davanagere,Maize,5771.09655740023,980.123416,864.7164647,618.3093584,634.6436844,2307.402664,4314.844761,1406.012106,40314.23924,35683.23009670585,60413.47,10952.990193411693
2035,Davanagere,Finger millet,2118.9440275224624,980.123416,864.7164647,618.3093584,634.6436844,2307.402664,4314.844761,1406.012106,40314.23924,13447.744446642304,79299.73,-52404.24110671539
2035,Davanagere,Chickpea,980.5557039458758,980.123416,864.7164647,618.3093584,634.6436844,2307.402664,4314.844761,1406.012106,40314.23924,22625.368434851094,40870.34,4380.396869702192
2035,Davanagere,Pigeonpea,1139.7562974932916,980.123416,864.7164647,618.3093584,634.6436844,2307.402664,4314.844761,1406.012106,40314.23924,49178.714890556876,45957.39,52400.03978111375
2035,Davanagere,Groundnut,1504.8339551480024,980.123416,864.7164647,618.3093584,634.6436844,2307.402664,4314.844761,1406.012106,40314.23924,21158.14758457952,67803.33,-25487.03483084096
2035,Davanagere,Arecanut,6330.346302401888,980.123416,864.7164647,618.3093584,634.6436844,2307.402664,4314.844761,1406.012106,40314.23924,2552030.953070791,503137.23,4600924.676141582
2036,Davanagere,Rice,6648.977329447361,931.448781,1002.476426,825.4876594,458.2461662,854.9128466,3370.622511,2279.257796,40306.5789,61931.8182841038,92006.24,31857.396568207594
2036,Davanagere,Sorghum,3205.181369975364,931.448781,1002.476426,825.4876594,458.2461662,854.9128466,3370.622511,2279.257796,40306.5789,32131.187644546862,60413.47,3848.9052890937237
2036,Davanagere,Maize,6101.372302898404,931.448781,1002.476426,825.4876594,458.2461662,854.9128466,3370.622511,2279.257796,40306.5789,50366.07541447592,60413.47,40318.68082895184
2036,Davanagere,Finger millet,2193.544608431757,931.448781,1002.476426,825.4876594,458.2461662,854.9128466,3370.622511,2279.257796,40306.5789,10051.834072025327,79299.73,-59196.061855949345
2036,Davanagere,Chickpea,1052.9844417445604,931.448781,1002.476426,825.4876594,458.2461662,854.9128466,3370.622511,2279.257796,40306.5789,9002.09926517354,40870.34,-22866.141469652917
2036,Davanagere,Pigeonpea,1306.0922938308368,931.448781,1002.476426,825.4876594,458.2461662,854.9128466,3370.622511,2279.257796,40306.5789,44023.440870298444,45957.39,42089.49174059689
2036,Davanagere,Groundnut,1465.4319656688128,931.448781,1002.476426,825.4876594,458.2461662,854.9128466,3370.622511,2279.257796,40306.5789,33400.97232258246,67803.33,-1001.385354835089
2036,Davanagere,Arecanut,8988.209718276823,931.448781,1002.476426,825.4876594,458.2461662,854.9128466,3370.622511,2279.257796,40306.5789,3622839.8417947153,503137.23,6742542.45358943
2037,Davanagere,Rice,6563.764124974653,863.1169753,1189.4018,1030.056106,303.1970027,1534.235371,2849.449074,2835.507483,40361.27628,56652.962381307734,92006.24,21299.684762615463
2037,Davanagere,Sorghum,2834.4298179863663,863.1169753,1189.4018,1030.056106,303.1970027,1534.235371,2849.449074,2835.507483,40361.27628,33712.75927486657,60413.47,7012.048549733139
2037,Davanagere,Maize,5816.173564426154,863.1169753,1189.4018,1030.056106,303.1970027,1534.235371,2849.449074,2835.507483,40361.27628,59909.85093592945,60413.47,59406.231871858894
2037,Davanagere,Finger millet,2129.125734643322,863.1169753,1189.4018,1030.056106,303.1970027,1534.235371,2849.449074,2835.507483,40361.27628,6455.4454111529085,79299.73,-66388.83917769417
2037,Davanagere,Chickpea,990.4409915188568,863.1169753,1189.4018,1030.056106,303.1970027,1534.235371,2849.449074,2835.507483,40361.27628,15195.69602076541,40870.34,-10478.947958469176
2037,Davanagere,Pigeonpea,1162.458324444323,863.1169753,1189.4018,1030.056106,303.1970027,1534.235371,2849.449074,2835.507483,40361.27628,33123.65796151468,45957.39,20289.925923029354
2037,Davanagere,Groundnut,1499.4562555112648,863.1169753,1189.4018,1030.056106,303.1970027,1534.235371,2849.449074,2835.507483,40361.27628,42517.19432933351,67803.33,17231.058658667025
2037,Davanagere,Arecanut,6693.099333783669,863.1169753,1189.4018,1030.056106,303.1970027,1534.235371,2849.449074,2835.507483,40361.27628,2701420.313803266,503137.23,4899703.397606531
2038,Davanagere,Rice,6586.0838797279575,1032.372781,965.7913858,951.648708,663.927892,2739.147144,2751.938778,1992.586943,40745.73841,67992.93730814022,92006.24,43979.634616280426
2038,Davanagere,Sorghum,2931.5401633372685,1032.372781,965.7913858,951.648708,663.927892,2739.147144,2751.938778,1992.586943,40745.73841,28312.562368778585,60413.47,-3788.345262442832
2038,Davanagere,Maize,5890.875201784381,1032.372781,965.7913858,951.648708,663.927892,2739.147144,2751.938778,1992.586943,40745.73841,56060.43774767346,60413.47,51707.40549534692
2038,Davanagere,Finger millet,2145.9988644984787,1032.372781,965.7913858,951.648708,663.927892,2739.147144,2751.938778,1992.586943,40745.73841,14247.885023408688,79299.73,-50803.959953182624
2038,Davanagere,Chickpea,1006.8228947591036,1032.372781,965.7913858,951.648708,663.927892,2739.147144,2751.938778,1992.586943,40745.73841,27578.36056693211,40870.34,14286.381133864226
2038,Davanagere,Pigeonpea,1200.0801342423283,1032.372781,965.7913858,951.648708,663.927892,2739.147144,2751.938778,1992.586943,40745.73841,33025.47058128909,45957.39,20093.55116257818
2038,Davanagere,Groundnut,1490.5443291303934,1032.372781,965.7913858,951.648708,663.927892,2739.147144,2751.938778,1992.586943,40745.73841,29700.391681879162,67803.33,-8402.546636241677
2038,Davanagere,Arecanut,7294.253828918962,1032.372781,965.7913858,951.648708,663.927892,2739.147144,2751.938778,1992.586943,40745.73841,2972097.5840927293,503137.23,5441057.938185459
2039,Davanagere,Rice,6528.555904276791,1197.387102,1071.857759,923.6688245,745.3747091,3057.496107,1774.413348,1752.589975,40735.73574,78172.08634466975,92006.24,64337.93268933949
2039,Davanagere,Sorghum,2681.2434362832337,1197.387102,1071.857759,923.6688245,745.3747091,3057.496107,1774.413348,1752.589975,40735.73574,28739.115809480063,60413.47,-2935.238381039875
2039,Davanagere,Maize,5698.335722403693,1197.387102,1071.857759,923.6688245,745.3747091,3057.496107,1774.413348,1752.589975,40735.73574,52633.75058318977,60413.47,44854.031166379544
2039,Davanagere,Finger millet,2102.509273738167,1197.387102,1071.857759,923.6688245,745.3747091,3057.496107,1774.413348,1752.589975,40735.73574,15671.572382926384,79299.73,-47956.58523414723
2039,Davanagere,Chickpea,964.599414355102,1197.387102,1071.857759,923.6688245,745.3747091,3057.496107,1774.413348,1752.589975,40735.73574,29492.589542052043,40870.34,18114.83908410409
2039,Davanagere,Pigeonpea,1103.1119294206503,1197.387102,1071.857759,923.6688245,745.3747091,3057.496107,1774.413348,1752.589975,40735.73574,19573.76531902036,45957.39,-6809.859361959279
2039,Davanagere,Groundnut,1513.514343260385,1197.387102,1071.857759,923.6688245,745.3747091,3057.496107,1774.413348,1752.589975,40735.73574,26525.700650168597,67803.33,-14751.928699662807
2039,Davanagere,Arecanut,5744.810234186788,1197.387102,1071.857759,923.6688245,745.3747091,3057.496107,1774.413348,1752.589975,40735.73574,2340190.7157628047,503137.23,4177244.2015256095
2040,Davanagere,Rice,6554.736589318917,1018.95525,805.5003598,1159.608588,702.8981031,3070.834445,3696.577868,1558.451853,39708.83787,66789.83260053604,92006.24,41573.42520107208
2040,Davanagere,Sorghum,2795.1521863597827,1018.95525,805.5003598,1159.608588,702.8981031,3070.834445,3696.577868,1558.451853,39708.83787,22514.960918085613,60413.47,-15383.548163828775
2040,Davanagere,Maize,5785.959446831815,1018.95525,805.5003598,1159.608588,702.8981031,3070.834445,3696.577868,1558.451853,39708.83787,67094.48264365902,60413.47,73775.49528731804
2040,Davanagere,Finger millet,2122.3011622824315,1018.95525,805.5003598,1159.608588,702.8981031,3070.834445,3696.577868,1558.451853,39708.83787,14917.614611752464,79299.73,-49464.50077649507
2040,Davanagere,Chickpea,983.8151026036468,1018.95525,805.5003598,1159.608588,702.8981031,3070.834445,3696.577868,1558.451853,39708.83787,30211.333045864874,40870.34,19552.326091729752
2040,Davanagere,Pigeonpea,1147.2416595150416,1018.95525,805.5003598,1159.608588,702.8981031,3070.834445,3696.577868,1558.451853,39708.83787,42408.68127810895,45957.39,38859.972556217894
2040,Davanagere,Groundnut,1503.0608082518224,1018.95525,805.5003598,1159.608588,702.8981031,3070.834445,3696.577868,1558.451853,39708.83787,23424.479017917303,67803.33,-20954.371964165395
2040,Davanagere,Arecanut,6449.954025986967,1018.95525,805.5003598,1159.608588,702.8981031,3070.834445,3696.577868,1558.451853,39708.83787,2561201.7868687026,503137.23,4619266.343737405
2041,Davanagere,Rice,6541.208497257722,1032.208794,1005.970038,863.0637189,697.0444206,2686.164361,2906.690261,2771.855524,38774.52806,67518.92934256945,92006.24,43031.61868513889
2041,Davanagere,Sorghum,2736.2932200977584,1032.208794,1005.970038,863.0637189,697.0444206,2686.164361,2906.690261,2771.855524,38774.52806,27526.289946008845,60413.47,-5360.890107982312
2041,Davanagere,Maize,5740.682487542894,1032.208794,1005.970038,863.0637189,697.0444206,2686.164361,2906.690261,2771.855524,38774.52806,49545.74776722873,60413.47,38678.025534457454
2041,Davanagere,Finger millet,2112.074291218481,1032.208794,1005.970038,863.0637189,697.0444206,2686.164361,2906.690261,2771.855524,38774.52806,14722.096005865416,79299.73,-49855.53798826916
2041,Davanagere,Chickpea,973.8859659432708,1032.208794,1005.970038,863.0637189,697.0444206,2686.164361,2906.690261,2771.855524,38774.52806,26160.177733948738,40870.34,11450.01546789748
2041,Davanagere,Pigeonpea,1124.4389310764234,1032.208794,1005.970038,863.0637189,697.0444206,2686.164361,2906.690261,2771.855524,38774.52806,32683.956900490906,45957.39,19410.523800981813
2041,Davanagere,Groundnut,1508.4623622498636,1032.208794,1005.970038,863.0637189,697.0444206,2686.164361,2906.690261,2771.855524,38774.52806,41812.39731548374,67803.33,15821.464630967472
2041,Davanagere,Arecanut,6085.591897322128,1032.208794,1005.970038,863.0637189,697.0444206,2686.164361,2906.690261,2771.855524,38774.52806,2359659.5378442546,503137.23,4216181.845688509
2042,Davanagere,Rice,6525.596793241688,802.798722,1119.01121,1151.598863,1088.524255,2918.675704,3180.310972,1866.800127,39452.27123,52387.407659017255,92006.24,12768.575318034505
2042,Davanagere,Sorghum,2668.3687296510752,802.798722,1119.01121,1151.598863,1088.524255,2918.675704,3180.310972,1866.800127,39452.27123,29859.34520893012,60413.47,-694.7795821397594
2042,Davanagere,Maize,5688.431920059526,802.798722,1119.01121,1151.598863,1088.524255,2918.675704,3180.310972,1866.800127,39452.27123,65507.917313934566,60413.47,70602.36462786913
2042,Davanagere,Finger millet,2100.2722659706988,802.798722,1119.01121,1151.598863,1088.524255,2918.675704,3180.310972,1866.800127,39452.27123,22861.97303612917,79299.73,-33575.78392774166
2042,Davanagere,Chickpea,962.4275324867752,802.798722,1119.01121,1151.598863,1088.524255,2918.675704,3180.310972,1866.800127,39452.27123,28090.13855929822,40870.34,15309.937118596441
2042,Davanagere,Pigeonpea,1098.1241007565682,802.798722,1119.01121,1151.598863,1088.524255,2918.675704,3180.310972,1866.800127,39452.27123,34923.761262537475,45957.39,23890.13252507495
2042,Davanagere,Groundnut,1514.6958696700226,802.798722,1119.01121,1151.598863,1088.524255,2918.675704,3180.310972,1866.800127,39452.27123,28276.34441866374,67803.33,-11250.641162672524
2042,Davanagere,Arecanut,5665.11030378799,802.798722,1119.01121,1151.598863,1088.524255,2918.675704,3180.310972,1866.800127,39452.27123,2235014.6825291147,503137.23,3966892.1350582293
2043,Davanagere,Rice,6466.67408413545,1246.022087,752.8789864,954.8188002,676.3195593,2819.549798,2819.181067,2624.724916,39432.67247,80576.18738263268,92006.24,69146.13476526535
2043,Davanagere,Sorghum,2412.003698154924,1246.022087,752.8789864,954.8188002,676.3195593,2819.549798,2819.181067,2624.724916,39432.67247,18159.46899459931,60413.47,-24094.532010801384
2043,Davanagere,Maize,5491.224428468849,1246.022087,752.8789864,954.8188002,676.3195593,2819.549798,2819.181067,2624.724916,39432.67247,52431.24320419557,60413.47,44449.01640839114
2043,Davanagere,Finger millet,2055.7282943564987,1246.022087,752.8789864,954.8188002,676.3195593,2819.549798,2819.181067,2624.724916,39432.67247,13903.29254079728,79299.73,-51493.144918405436
2043,Davanagere,Chickpea,919.1803673677838,1246.022087,752.8789864,954.8188002,676.3195593,2819.549798,2819.181067,2624.724916,39432.67247,25916.748191374005,40870.34,10963.156382748013
2043,Davanagere,Pigeonpea,998.8049559326412,1246.022087,752.8789864,954.8188002,676.3195593,2819.549798,2819.181067,2624.724916,39432.67247,28158.12021391071,45957.39,10358.850427821424
2043,Davanagere,Groundnut,1538.2227789716812,1246.022087,752.8789864,954.8188002,676.3195593,2819.549798,2819.181067,2624.724916,39432.67247,40374.11654325733,67803.33,12944.903086514663
2043,Davanagere,Arecanut,4078.101313937038,1246.022087,752.8789864,954.8188002,676.3195593,2819.549798,2819.181067,2624.724916,39432.67247,1608104.3341195586,503137.23,2713071.438239117
2044,Davanagere,Rice,6586.08387972799,968.598839,1004.721215,1208.976101,967.7600042,1752.949902,3978.683112,2232.792054,38780.92502,63792.73199461147,92006.24,35579.22398922294
2044,Davanagere,Sorghum,2931.540163337408,968.598839,1004.721215,1208.976101,967.7600042,1752.949902,3978.683112,2232.792054,38780.92502,29453.80594729659,60413.47,-1505.85810540682
2044,Davanagere,Maize,5890.875201784487,968.598839,1004.721215,1208.976101,967.7600042,1752.949902,3978.683112,2232.792054,38780.92502,71219.27332930997,60413.47,82025.07665861995
2044,Davanagere,Finger millet,2145.998864498503,968.598839,1004.721215,1208.976101,967.7600042,1752.949902,3978.683112,2232.792054,38780.92502,20768.118701202664,79299.73,-37763.49259759467
2044,Davanagere,Chickpea,1006.8228947591268,968.598839,1004.721215,1208.976101,967.7600042,1752.949902,3978.683112,2232.792054,38780.92502,17649.100946993676,40870.34,-5572.138106012644
2044,Davanagere,Pigeonpea,1200.080134242382,968.598839,1004.721215,1208.976101,967.7600042,1752.949902,3978.683112,2232.792054,38780.92502,47747.385631568584,45957.39,49537.38126313717
2044,Davanagere,Groundnut,1490.544329130381,968.598839,1004.721215,1208.976101,967.7600042,1752.949902,3978.683112,2232.792054,38780.92502,33280.755342170756,67803.33,-1241.8193156584894
2044,Davanagere,Arecanut,7294.253828919821,968.598839,1004.721215,1208.976101,967.7600042,1752.949902,3978.683112,2232.792054,38780.92502,2828779.108161875,503137.23,5154420.98632375
2045,Davanagere,Rice,6517.590338993419,1136.13776,888.701366,683.2795155,1043.168982,3655.340102,3711.168144,3297.085236,38819.07739,74048.80488341625,92006.24,56091.36976683249
2045,Davanagere,Sorghum,2633.53369021273,1136.13776,888.701366,683.2795155,1043.168982,3655.340102,3711.168144,3297.085236,38819.07739,23404.249878990744,60413.47,-13604.970242018513
2045,Davanagere,Maize,5661.6352438240565,1136.13776,888.701366,683.2795155,1043.168982,3655.340102,3711.168144,3297.085236,38819.07739,38684.79386337826,60413.47,16956.11772675652
2045,Davanagere,Finger millet,2094.219603488357,1136.13776,888.701366,683.2795155,1043.168982,3655.340102,3711.168144,3297.085236,38819.07739,21846.249318553928,79299.73,-35607.23136289214
2045,Davanagere,Chickpea,956.5510808750844,1136.13776,888.701366,683.2795155,1043.168982,3655.340102,3711.168144,3297.085236,38819.07739,34965.195255341416,40870.34,29060.050510682835
2045,Davanagere,Pigeonpea,1084.628553775247,1136.13776,888.701366,683.2795155,1043.168982,3655.340102,3711.168144,3297.085236,38819.07739,40252.38936843488,45957.39,34547.38873686976
2045,Davanagere,Groundnut,1517.892720693747,1136.13776,888.701366,683.2795155,1043.168982,3655.340102,3711.168144,3297.085236,38819.07739,50046.21679231225,67803.33,32289.103584624492
2045,Davanagere,Arecanut,5449.466538225152,1136.13776,888.701366,683.2795155,1043.168982,3655.340102,3711.168144,3297.085236,38819.07739,2115432.632815776,503137.23,3727728.035631552
2046,Davanagere,Rice,6525.596793241688,1130.940922,1120.512981,915.135063,871.9288048,2626.161481,1416.405714,3076.795164,39451.62203,73800.64453948998,92006.24,55595.04907897995
2046,Davanagere,Sorghum,2668.3687296510752,1130.940922,1120.512981,915.135063,871.9288048,2626.161481,1416.405714,3076.795164,39451.62203,29899.417996685097,60413.47,-614.6340066298071
2046,Davanagere,Maize,5688.431920059526,1130.940922,1120.512981,915.135063,871.9288048,2626.161481,1416.405714,3076.795164,39451.62203,52056.83503534886,60413.47,43700.20007069771
2046,Davanagere,Finger millet,2100.2722659706988,1130.940922,1120.512981,915.135063,871.9288048,2626.161481,1416.405714,3076.795164,39451.62203,18312.87886622419,79299.73,-42673.97226755162
2046,Davanagere,Chickpea,962.4275324867752,1130.940922,1120.512981,915.135063,871.9288048,2626.161481,1416.405714,3076.795164,39451.62203,25274.901140706454,40870.34,9679.46228141291
2046,Davanagere,Pigeonpea,1098.1241007565682,1130.940922,1120.512981,915.135063,871.9288048,2626.161481,1416.405714,3076.795164,39451.62203,15553.89250992715,45957.39,-14849.604980145701
2046,Davanagere,Groundnut,1514.6958696700226,1130.940922,1120.512981,915.135063,871.9288048,2626.161481,1416.405714,3076.795164,39451.62203,46604.089267315,67803.33,25404.84853463
2046,Davanagere,Arecanut,5665.11030378799,1130.940922,1120.512981,915.135063,871.9288048,2626.161481,1416.405714,3076.795164,39451.62203,2234977.9046330224,503137.23,3966818.579266045
2017,Haveri,Rice,6512.692465279678,948.6959048,1188.578595,798.9225843,1338.365079,2952.664622,4137.303392,2786.804316,30356.0,61785.64671032646,92006.24,31565.053420652912
2017,Haveri,Sorghum,2612.223679727239,948.6959048,1188.578595,798.9225843,1338.365079,2952.664622,4137.303392,2786.804316,30356.0,31048.331510759315,60413.47,1683.1930215186294
2017,Haveri,Maize,5645.242627057686,948.6959048,1188.578595,798.9225843,1338.365079,2952.664622,4137.303392,2786.804316,30356.0,45101.11828609448,60413.47,29788.766572188964
2017,Haveri,Finger millet,2090.5169436652745,948.6959048,1188.578595,798.9225843,1338.365079,2952.664622,4137.303392,2786.804316,30356.0,27978.748744594133,79299.73,-23342.23251081173
2017,Haveri,Chickpea,952.9562164086828,948.6959048,1188.578595,798.9225843,1338.365079,2952.664622,4137.303392,2786.804316,30356.0,28137.601065048933,40870.34,15404.86213009787
2017,Haveri,Pigeonpea,1076.372778776387,948.6959048,1188.578595,798.9225843,1338.365079,2952.664622,4137.303392,2786.804316,30356.0,44532.807486880105,45957.39,43108.22497376021
2017,Haveri,Groundnut,1519.848364491903,948.6959048,1188.578595,798.9225843,1338.365079,2952.664622,4137.303392,2786.804316,30356.0,42355.19981831577,67803.33,16907.06963663154
2017,Haveri,Arecanut,5317.548475855553,948.6959048,1188.578595,798.9225843,1338.365079,2952.664622,4137.303392,2786.804316,30356.0,1614195.0153307116,503137.23,2725252.8006614232
2018,Haveri,Rice,6519.716002160251,859.4303693,1147.636554,993.6604481,883.2953688,2125.983028,1720.372939,3652.048653,25774.23742,56032.41931467705,92006.24,20058.598629354092
2018,Haveri,Sorghum,2642.7821737427817,859.4303693,1147.636554,993.6604481,883.2953688,2125.983028,1720.372939,3652.048653,25774.23742,30329.534268467953,60413.47,245.59853693590412
2018,Haveri,Maize,5668.749592560836,859.4303693,1147.636554,993.6604481,883.2953688,2125.983028,1720.372939,3652.048653,25774.23742,56328.12260310693,60413.47,52242.77520621386
2018,Haveri,Finger millet,2095.826547249106,859.4303693,1147.636554,993.6604481,883.2953688,2125.983028,1720.372939,3652.048653,25774.23742,18512.338829932298,79299.73,-42275.0523401354
2018,Haveri,Chickpea,958.1112417597036,859.4303693,1147.636554,993.6604481,883.2953688,2125.983028,1720.372939,3652.048653,25774.23742,20369.28238917135,40870.34,-131.77522165729897
2018,Haveri,Pigeonpea,1088.2115364845588,859.4303693,1147.636554,993.6604481,883.2953688,2125.983028,1720.372939,3652.048653,25774.23742,18721.29679275646,45957.39,-8514.796414487078
2018,Haveri,Groundnut,1517.0439768852816,859.4303693,1147.636554,993.6604481,883.2953688,2125.983028,1720.372939,3652.048653,25774.23742,55403.18412325656,67803.33,43003.03824651311
2018,Haveri,Arecanut,5506.71859954967,859.4303693,1147.636554,993.6604481,883.2953688,2125.983028,1720.372939,3652.048653,25774.23742,1419314.7258992312,503137.23,2335492.2217984623
2019,Haveri,Rice,6430.298881404934,1236.354792,899.074404,791.0769427,774.1663537,2010.125932,1322.07592,3184.464391,26094.11765,79501.3083601723,92006.24,66996.3767203446
2019,Haveri,Sorghum,2253.739929649744,1236.354792,899.074404,791.0769427,774.1663537,2010.125932,1322.07592,3184.464391,26094.11765,20262.798840208456,60413.47,-19887.87231958309
2019,Haveri,Maize,5369.480832571829,1236.354792,899.074404,791.0769427,774.1663537,2010.125932,1322.07592,3184.464391,26094.11765,42476.72480917173,60413.47,24539.979618343452
2019,Haveri,Finger millet,2028.2296266532285,1236.354792,899.074404,791.0769427,774.1663537,2010.125932,1322.07592,3184.464391,26094.11765,15701.87134532442,79299.73,-47895.987309351156
2019,Haveri,Chickpea,892.482267049839,1236.354792,899.074404,791.0769427,774.1663537,2010.125932,1322.07592,3184.464391,26094.11765,17940.017488470305,40870.34,-4990.305023059387
2019,Haveri,Pigeonpea,937.4915152780708,1236.354792,899.074404,791.0769427,774.1663537,2010.125932,1322.07592,3184.464391,26094.11765,12394.349575534494,45957.39,-21168.69084893101
2019,Haveri,Groundnut,1552.7468242583177,1236.354792,899.074404,791.0769427,774.1663537,2010.125932,1322.07592,3184.464391,26094.11765,49446.66970088948,67803.33,31090.009401778952
2019,Haveri,Arecanut,3098.381022446424,1236.354792,899.074404,791.0769427,774.1663537,2010.125932,1322.07592,3184.464391,26094.11765,808495.1892424427,503137.23,1113853.1484848855
2020,Haveri,Rice,6544.391472398308,1192.995753,907.881431,678.8338764,996.5441112,2682.961381,1862.629729,2434.873064,31529.00777,78074.31232540598,92006.24,64142.384650811946
2020,Haveri,Sorghum,2750.1419302902304,1192.995753,907.881431,678.8338764,996.5441112,2682.961381,1862.629729,2434.873064,31529.00777,24968.027911249967,60413.47,-10477.414177500068
2020,Haveri,Maize,5751.335537152995,1192.995753,907.881431,678.8338764,996.5441112,2682.961381,1862.629729,2434.873064,31529.00777,39042.01397162644,60413.47,17670.557943252876
2020,Haveri,Finger millet,2114.4805341842502,1192.995753,907.881431,678.8338764,996.5441112,2682.961381,1862.629729,2434.873064,31529.00777,21071.73124588345,79299.73,-37156.2675082331
2020,Haveri,Chickpea,976.2221560737406,1192.995753,907.881431,678.8338764,996.5441112,2682.961381,1862.629729,2434.873064,31529.00777,26191.66344022401,40870.34,11512.986880448021
2020,Haveri,Pigeonpea,1129.8041013775508,1192.995753,907.881431,678.8338764,996.5441112,2682.961381,1862.629729,2434.873064,31529.00777,21044.067071719557,45957.39,-3869.255856560885
2020,Haveri,Groundnut,1507.191450430331,1192.995753,907.881431,678.8338764,996.5441112,2682.961381,1862.629729,2434.873064,31529.00777,36698.198649439044,67803.33,5593.067298878086
2020,Haveri,Arecanut,6171.321325571486,1192.995753,907.881431,678.8338764,996.5441112,2682.961381,1862.629729,2434.873064,31529.00777,1945756.3802511008,503137.23,3388375.5305022015
2021,Haveri,Rice,6435.920158401396,1162.06697,676.4961527,969.7033794,824.7269812,1722.675778,3020.347994,2278.160511,38344.77433,74789.70237635431,92006.24,57573.16475270862
2021,Haveri,Sorghum,2278.197373581052,1162.06697,676.4961527,969.7033794,824.7269812,1722.675778,3020.347994,2278.160511,38344.77433,15411.917583188264,60413.47,-29589.634833623473
2021,Haveri,Maize,5388.294596446974,1162.06697,676.4961527,969.7033794,824.7269812,1722.675778,3020.347994,2278.160511,38344.77433,52250.474793773894,60413.47,44087.47958754779
2021,Haveri,Finger millet,2032.4791597579351,1162.06697,676.4961527,969.7033794,824.7269812,1722.675778,3020.347994,2278.160511,38344.77433,16762.40401779074,79299.73,-45774.921964418514
2021,Haveri,Chickpea,896.6080837024178,1162.06697,676.4961527,969.7033794,824.7269812,1722.675778,3020.347994,2278.160511,38344.77433,15445.650281531518,40870.34,-9979.03943693696
2021,Haveri,Pigeonpea,946.9666468966864,1162.06697,676.4961527,969.7033794,824.7269812,1722.675778,3020.347994,2278.160511,38344.77433,28601.68812339313,45957.39,11245.986246786262
2021,Haveri,Groundnut,1550.5023369280286,1162.06697,676.4961527,969.7033794,824.7269812,1722.675778,3020.347994,2278.160511,38344.77433,35322.93196202652,67803.33,2842.5339240530448
2021,Haveri,Arecanut,3249.783041517589,1162.06697,676.4961527,969.7033794,824.7269812,1722.675778,3020.347994,2278.160511,38344.77433,1246121.9734845296,503137.23,1989106.7169690593
2022,Haveri,Rice,6501.361330007138,897.8661802,1288.623914,804.6258099,826.6420649,2446.673751,2405.583468,1919.971985,35569.89071,58373.524634735004,92006.24,24740.809269470003
2022,Haveri,Sorghum,2562.923386256445,897.8661802,1288.623914,804.6258099,826.6420649,2446.673751,2405.583468,1919.971985,35569.89071,33026.44365279914,60413.47,5639.417305598283
2022,Haveri,Maize,5607.318628011017,897.8661802,1288.623914,804.6258099,826.6420649,2446.673751,2405.583468,1919.971985,35569.89071,45117.93292430721,60413.47,29822.395848614426
2022,Haveri,Finger millet,2081.9509124085207,897.8661802,1288.623914,804.6258099,826.6420649,2446.673751,2405.583468,1919.971985,35569.89071,17210.282012538188,79299.73,-44879.16597492362
2022,Haveri,Chickpea,944.6395676063746,897.8661802,1288.623914,804.6258099,826.6420649,2446.673751,2405.583468,1919.971985,35569.89071,23112.248342185063,40870.34,5354.156684370129
2022,Haveri,Pigeonpea,1057.2732043979624,897.8661802,1288.623914,804.6258099,826.6420649,2446.673751,2405.583468,1919.971985,35569.89071,25433.58941659123,45957.39,4909.788833182458
2022,Haveri,Groundnut,1524.3727082616576,897.8661802,1288.623914,804.6258099,826.6420649,2446.673751,2405.583468,1919.971985,35569.89071,29267.528945609603,67803.33,-9268.272108780795
2022,Haveri,Arecanut,5012.358612464944,897.8661802,1288.623914,804.6258099,826.6420649,2446.673751,2405.583468,1919.971985,35569.89071,1782890.4804470527,503137.23,3062643.7308941055
2023,Haveri,Rice,6607.47906697807,866.5673376,757.2637179,586.0928992,672.6348183,1336.885114,5590.68992,3470.926122,36269.42971,57258.25543318917,92006.24,22510.27086637834
2023,Haveri,Sorghum,3024.6278359246144,866.5673376,757.2637179,586.0928992,672.6348183,1336.885114,5590.68992,3470.926122,36269.42971,22904.409202961047,60413.47,-14604.651594077906
2023,Haveri,Maize,5962.48241865725,866.5673376,757.2637179,586.0928992,672.6348183,1336.885114,5590.68992,3470.926122,36269.42971,34945.68607179856,60413.47,9477.902143597123
2023,Haveri,Finger millet,2162.1730463717386,866.5673376,757.2637179,586.0928992,672.6348183,1336.885114,5590.68992,3470.926122,36269.42971,14543.528741794118,79299.73,-50212.67251641176
2023,Haveri,Chickpea,1022.5261984563084,866.5673376,757.2637179,586.0928992,672.6348183,1336.885114,5590.68992,3470.926122,36269.42971,13670.000533912484,40870.34,-13530.33893217503
2023,Haveri,Pigeonpea,1236.1435083346082,866.5673376,757.2637179,586.0928992,672.6348183,1336.885114,5590.68992,3470.926122,36269.42971,69108.9505171973,45957.39,92260.5110343946
2023,Haveri,Groundnut,1482.001567985148,866.5673376,757.2637179,586.0928992,672.6348183,1336.885114,5590.68992,3470.926122,36269.42971,51439.1795516461,67803.33,35075.029103292196
2023,Haveri,Arecanut,7870.506262327132,866.5673376,757.2637179,586.0928992,672.6348183,1336.885114,5590.68992,3470.926122,36269.42971,2854587.736635887,503137.23,5206038.243271774
2024,Haveri,Rice,6475.664943385029,1002.709944,1009.132852,713.5896142,762.0609692,2546.459595,3609.465596,3242.826663,36139.20821,64932.136327443644,92006.24,37858.03265488728
2024,Haveri,Sorghum,2451.1217555161343,1002.709944,1009.132852,713.5896142,762.0609692,2546.459595,3609.465596,3242.826663,36139.20821,24735.07487743243,60413.47,-10943.320245135139
2024,Haveri,Maize,5521.315794374265,1002.709944,1009.132852,713.5896142,762.0609692,2546.459595,3609.465596,3242.826663,36139.20821,39399.53607583899,60413.47,18385.602151677973
2024,Haveri,Finger millet,2062.525140348057,1002.709944,1009.132852,713.5896142,762.0609692,2546.459595,3609.465596,3242.826663,36139.20821,15717.699074530065,79299.73,-47864.33185093987
2024,Haveri,Chickpea,925.7793371101131,1002.709944,1009.132852,713.5896142,762.0609692,2546.459595,3609.465596,3242.826663,36139.20821,23574.596758367872,40870.34,6278.853516735748
2024,Haveri,Pigeonpea,1013.9597997177502,1002.709944,1009.132852,713.5896142,762.0609692,2546.459595,3609.465596,3242.826663,36139.20821,36598.5301280827,45957.39,27239.670256165395
2024,Haveri,Groundnut,1534.6328705421922,1002.709944,1009.132852,713.5896142,762.0609692,2546.459595,3609.465596,3242.826663,36139.20821,49765.48390510448,67803.33,31727.63781020895
2024,Haveri,Arecanut,4320.258788907168,1002.709944,1009.132852,713.5896142,762.0609692,2546.459595,3609.465596,3242.826663,36139.20821,1561307.318933986,503137.23,2619477.407867972
2025,Haveri,Rice,6605.339231047452,1087.846156,1197.080182,911.2802465,865.6460398,1804.844203,1888.960525,1813.109155,36406.71936,71855.92891570966,92006.24,51705.617831419324
2025,Haveri,Sorghum,3015.3176885456087,1087.846156,1197.080182,911.2802465,865.6460398,1804.844203,1888.960525,1813.109155,36406.71936,36095.77047391996,60413.47,11778.070947839922
2025,Haveri,Maize,5955.320635319491,1087.846156,1197.080182,911.2802465,865.6460398,1804.844203,1888.960525,1813.109155,36406.71936,54269.66056540482,60413.47,48125.851130809635
2025,Haveri,Finger millet,2160.5553883855687,1087.846156,1197.080182,911.2802465,865.6460398,1804.844203,1888.960525,1813.109155,36406.71936,18702.762157245186,79299.73,-41894.20568550962
2025,Haveri,Chickpea,1020.955635268996,1087.846156,1197.080182,911.2802465,865.6460398,1804.844203,1888.960525,1813.109155,36406.71936,18426.658598354297,40870.34,-4017.022803291402
2025,Haveri,Pigeonpea,1232.5366362488517,1087.846156,1197.080182,911.2802465,865.6460398,1804.844203,1888.960525,1813.109155,36406.71936,23282.13051490365,45957.39,606.8710298072983
2025,Haveri,Groundnut,1482.8559707548727,1087.846156,1197.080182,911.2802465,865.6460398,1804.844203,1888.960525,1813.109155,36406.71936,26885.79736122072,67803.33,-14031.73527755856
2025,Haveri,Arecanut,7812.872475452651,1087.846156,1197.080182,911.2802465,865.6460398,1804.844203,1888.960525,1813.109155,36406.71936,2844410.556092732,503137.23,5185683.882185465
2026,Haveri,Rice,6586.974495114842,657.0484574,1178.84333,745.7893197,1241.133731,3171.834925,3459.948147,3045.349622,36789.85783,43279.614309483506,92006.24,-5447.011381032993
2026,Haveri,Sorghum,2935.415114865684,657.0484574,1178.84333,745.7893197,1241.133731,3171.834925,3459.948147,3045.349622,36789.85783,34603.94528940595,60413.47,8794.4205788119
2026,Haveri,Maize,5893.855988463806,657.0484574,1178.84333,745.7893197,1241.133731,3171.834925,3459.948147,3045.349622,36789.85783,43955.74848046193,60413.47,27498.02696092386
2026,Haveri,Finger millet,2146.6721456003547,657.0484574,1178.84333,745.7893197,1241.133731,3171.834925,3459.948147,3045.349622,36789.85783,26643.072093027433,79299.73,-26013.58581394513
2026,Haveri,Chickpea,1007.4765746607634,657.0484574,1178.84333,745.7893197,1241.133731,3171.834925,3459.948147,3045.349622,36789.85783,31955.493856283796,40870.34,23040.647712567596
2026,Haveri,Pigeonpea,1201.5813408218305,657.0484574,1178.84333,745.7893197,1241.133731,3171.834925,3459.948147,3045.349622,36789.85783,41574.09133646268,45957.39,37190.79267292537
2026,Haveri,Groundnut,1490.1887204398272,657.0484574,1178.84333,745.7893197,1241.133731,3171.834925,3459.948147,3045.349622,36789.85783,45381.45656500092,67803.33,22959.583130001833
2026,Haveri,Arecanut,7318.241433136832,657.0484574,1178.84333,745.7893197,1241.133731,3171.834925,3459.948147,3045.349622,36789.85783,2692370.618907195,503137.23,4881604.007814391
2027,Haveri,Rice,6503.573287087633,943.3807036,1348.452547,1010.333726,1150.937485,2140.778908,2617.568364,2428.049489,37075.00449,61353.45543486895,92006.24,30700.670869737893
2027,Haveri,Sorghum,2572.547323363387,943.3807036,1348.452547,1010.333726,1150.937485,2140.778908,2617.568364,2428.049489,37075.00449,34689.57990467392,60413.47,8965.689809347838
2027,Haveri,Maize,5614.721792494917,943.3807036,1348.452547,1010.333726,1150.937485,2140.778908,2617.568364,2428.049489,37075.00449,56727.42789064789,60413.47,53041.38578129577
2027,Haveri,Finger millet,2083.6230920299245,943.3807036,1348.452547,1010.333726,1150.937485,2140.778908,2617.568364,2428.049489,37075.00449,23981.199212288444,79299.73,-31337.331575423108
2027,Haveri,Chickpea,946.2630651431864,943.3807036,1348.452547,1010.333726,1150.937485,2140.778908,2617.568364,2428.049489,37075.00449,20257.400112779633,40870.34,-355.539774440731
2027,Haveri,Pigeonpea,1061.0016427022133,943.3807036,1348.452547,1010.333726,1150.937485,2140.778908,2617.568364,2428.049489,37075.00449,27772.443340893453,45957.39,9587.496681786906
2027,Haveri,Groundnut,1523.489508653199,943.3807036,1348.452547,1010.333726,1150.937485,2140.778908,2617.568364,2428.049489,37075.00449,36991.07922982261,67803.33,6178.828459645214
2027,Haveri,Arecanut,5071.934891715439,943.3807036,1348.452547,1010.333726,1150.937485,2140.778908,2617.568364,2428.049489,37075.00449,1880420.0888333756,503137.23,3257702.947666751
2028,Haveri,Rice,6491.451159288341,1059.899778,854.0780486,943.4727125,923.038274,2199.298145,3122.208561,2538.292305,37141.36037,68802.87642627554,92006.24,45599.51285255108
2028,Haveri,Sorghum,2519.805524450805,1059.899778,854.0780486,943.4727125,923.038274,2199.298145,3122.208561,2538.292305,37141.36037,21521.10585174443,60413.47,-17371.258296511143
2028,Haveri,Maize,5574.150432957974,1059.899778,854.0780486,943.4727125,923.038274,2199.298145,3122.208561,2538.292305,37141.36037,52590.58828865909,60413.47,44767.70657731818
2028,Haveri,Finger millet,2074.459091854342,1059.899778,854.0780486,943.4727125,923.038274,2199.298145,3122.208561,2538.292305,37141.36037,19148.051396288392,79299.73,-41003.62720742321
2028,Haveri,Chickpea,937.3658560623164,1059.899778,854.0780486,943.4727125,923.038274,2199.298145,3122.208561,2538.292305,37141.36037,20615.4698842419,40870.34,360.5997684838003
2028,Haveri,Pigeonpea,1040.5687843911458,1059.899778,854.0780486,943.4727125,923.038274,2199.298145,3122.208561,2538.292305,37141.36037,32488.727669353986,45957.39,19020.065338707973
2028,Haveri,Groundnut,1528.3296832752253,1059.899778,854.0780486,943.4727125,923.038274,2199.298145,3122.208561,2538.292305,37141.36037,38793.47474560591,67803.33,9783.619491211823
2028,Haveri,Arecanut,4745.440640425805,1059.899778,854.0780486,943.4727125,923.038274,2199.298145,3122.208561,2538.292305,37141.36037,1762521.2094049843,503137.23,3021905.1888099685
2029,Haveri,Rice,6606.09453658578,1281.435668,1222.63832,919.9639666,646.8222366,2683.824903,3496.83763,1795.508186,37901.15494,84652.8516536095,92006.24,77299.46330721899
2029,Haveri,Sorghum,3018.603924549687,1281.435668,1222.63832,919.9639666,646.8222366,2683.824903,3496.83763,1795.508186,37901.15494,36906.60831056836,60413.47,13399.746621136714
2029,Haveri,Maize,5957.848555587543,1281.435668,1222.63832,919.9639666,646.8222366,2683.824903,3496.83763,1795.508186,37901.15494,54810.05989600398,60413.47,49206.64979200796
2029,Haveri,Finger millet,2161.126378908062,1281.435668,1222.63832,919.9639666,646.8222366,2683.824903,3496.83763,1795.508186,37901.15494,13978.645979805719,79299.73,-51342.43804038856
2029,Haveri,Chickpea,1021.5100025719738,1281.435668,1222.63832,919.9639666,646.8222366,2683.824903,3496.83763,1795.508186,37901.15494,27415.539835662574,40870.34,13960.739671325151
2029,Haveri,Pigeonpea,1233.8097667835032,1281.435668,1222.63832,919.9639666,646.8222366,2683.824903,3496.83763,1795.508186,37901.15494,43144.32420750078,45957.39,40331.25841500156
2029,Haveri,Groundnut,1482.554389154759,1281.435668,1222.63832,919.9639666,646.8222366,2683.824903,3496.83763,1795.508186,37901.15494,26619.385419175997,67803.33,-14564.559161648009
2029,Haveri,Arecanut,7833.215679246113,1281.435668,1222.63832,919.9639666,646.8222366,2683.824903,3496.83763,1795.508186,37901.15494,2968879.2113754423,503137.23,5434621.192750884
2030,Haveri,Rice,6604.3574259742345,876.6356158,1144.63554,898.5556516,469.4113381,2023.481413,4407.400905,2102.928612,37972.42574,57896.14939082226,92006.24,23786.05878164452
2030,Haveri,Sorghum,3011.0459825711823,876.6356158,1144.63554,898.5556516,469.4113381,2023.481413,4407.400905,2102.928612,37972.42574,34465.50244225196,60413.47,8517.534884503912
2030,Haveri,Maize,5952.034647308125,876.6356158,1144.63554,898.5556516,469.4113381,2023.481413,4407.400905,2102.928612,37972.42574,53482.34370857729,60413.47,46551.21741715458
2030,Haveri,Finger millet,2159.8131703515464,876.6356158,1144.63554,898.5556516,469.4113381,2023.481413,4407.400905,2102.928612,37972.42574,10138.407903407227,79299.73,-59022.91419318554
2030,Haveri,Chickpea,1020.2350253927672,876.6356158,1144.63554,898.5556516,469.4113381,2023.481413,4407.400905,2102.928612,37972.42574,20644.266107738473,40870.34,418.19221547694906
2030,Haveri,Pigeonpea,1230.881721840895,876.6356158,1144.63554,898.5556516,469.4113381,2023.481413,4407.400905,2102.928612,37972.42574,54249.89214789519,45957.39,62542.39429579038
2030,Haveri,Groundnut,1483.2479900503172,876.6356158,1144.63554,898.5556516,469.4113381,2023.481413,4407.400905,2102.928612,37972.42574,31191.646369683036,67803.33,-5420.03726063393
2030,Haveri,Arecanut,7786.428791835383,876.6356158,1144.63554,898.5556516,469.4113381,2023.481413,4407.400905,2102.928612,37972.42574,2956695.89077767,503137.23,5410254.551555339
2031,Haveri,Rice,6502.681160888284,1027.352531,1438.073514,1092.794916,924.1751145,1722.585717,3724.478184,2468.420284,38949.51454,66805.45948924596,92006.24,41604.67897849191
2031,Haveri,Sorghum,2568.665798486751,1027.352531,1438.073514,1092.794916,924.1751145,1722.585717,3724.478184,2468.420284,38949.51454,36939.30251121458,60413.47,13465.135022429153
2031,Haveri,Maize,5611.7359493009335,1027.352531,1438.073514,1092.794916,924.1751145,1722.585717,3724.478184,2468.420284,38949.51454,61324.76515330494,60413.47,62236.060306609885
2031,Haveri,Finger millet,2082.94866879476,1027.352531,1438.073514,1092.794916,924.1751145,1722.585717,3724.478184,2468.420284,38949.51454,19250.0932448102,79299.73,-40799.5435103796
2031,Haveri,Chickpea,945.608276359109,1027.352531,1438.073514,1092.794916,924.1751145,1722.585717,3724.478184,2468.420284,38949.51454,16288.913107331897,40870.34,-8292.513785336203
2031,Haveri,Pigeonpea,1059.4978895221857,1027.352531,1438.073514,1092.794916,924.1751145,1722.585717,3724.478184,2468.420284,38949.51454,39460.76775519423,45957.39,32964.145510388465
2031,Haveri,Groundnut,1523.8457205873767,1027.352531,1438.073514,1092.794916,924.1751145,1722.585717,3724.478184,2468.420284,38949.51454,37614.916863844766,67803.33,7426.503727689531
2031,Haveri,Arecanut,5047.906595665853,1027.352531,1438.073514,1092.794916,924.1751145,1722.585717,3724.478184,2468.420284,38949.51454,1966135.1134444904,503137.23,3429132.9968889807
2032,Haveri,Rice,6503.977946634109,1248.965246,630.2564467,859.0862839,672.9934429,2428.993282,2165.828019,2754.515036,39034.47922,81232.42416096445,92006.24,70458.6083219289
2032,Haveri,Sorghum,2574.3079443353554,1248.965246,630.2564467,859.0862839,672.9934429,2428.993282,2165.828019,2754.515036,39034.47922,16224.741777083824,60413.47,-27963.986445832354
2032,Haveri,Maize,5616.076141188643,1248.965246,630.2564467,859.0862839,672.9934429,2428.993282,2165.828019,2754.515036,39034.47922,48246.93982233203,60413.47,36080.40964466406
2032,Haveri,Finger millet,2083.92900368309,1248.965246,630.2564467,859.0862839,672.9934429,2428.993282,2165.828019,2754.515036,39034.47922,14024.705549478495,79299.73,-51250.31890104301
2032,Haveri,Chickpea,946.5600708051612,1248.965246,630.2564467,859.0862839,672.9934429,2428.993282,2165.828019,2754.515036,39034.47922,22991.88052995181,40870.34,5113.421059903623
2032,Haveri,Pigeonpea,1061.6837301471137,1248.965246,630.2564467,859.0862839,672.9934429,2428.993282,2165.828019,2754.515036,39034.47922,22994.24370069054,45957.39,31.09740138107736
2032,Haveri,Groundnut,1523.327934472507,1248.965246,630.2564467,859.0862839,672.9934429,2428.993282,2165.828019,2754.515036,39034.47922,41960.29700263343,67803.33,16117.264005266858
2032,Haveri,Arecanut,5082.833887159272,1248.965246,630.2564467,859.0862839,672.9934429,2428.993282,2165.828019,2754.515036,39034.47922,1984057.7374703046,503137.23,3464978.244940609
2033,Haveri,Rice,6506.829996118091,997.0997216,1029.041675,905.4205288,872.8880111,1967.934647,4183.682597,3169.539529,39705.68785,64879.58377627877,92006.24,37752.927552557536
2033,Haveri,Sorghum,2586.716840105428,997.0997216,1029.041675,905.4205288,872.8880111,1967.934647,4183.682597,3169.539529,39705.68785,26618.394298927968,60413.47,-7176.681402144066
2033,Haveri,Maize,5625.621620905377,997.0997216,1029.041675,905.4205288,872.8880111,1967.934647,4183.682597,3169.539529,39705.68785,50935.5330282886,60413.47,41457.5960565772
2033,Haveri,Finger millet,2086.085075818669,997.0997216,1029.041675,905.4205288,872.8880111,1967.934647,4183.682597,3169.539529,39705.68785,18209.186528167505,79299.73,-42881.356943664985
2033,Haveri,Chickpea,948.6533733167432,997.0997216,1029.041675,905.4205288,872.8880111,1967.934647,4183.682597,3169.539529,39705.68785,18668.878413434442,40870.34,-3532.583173131112
2033,Haveri,Pigeonpea,1066.4910976297233,997.0997216,1029.041675,905.4205288,872.8880111,1967.934647,4183.682597,3169.539529,39705.68785,44618.60245008901,45957.39,43279.814900178026
2033,Haveri,Groundnut,1522.1891560532645,997.0997216,1029.041675,905.4205288,872.8880111,1967.934647,4183.682597,3169.539529,39705.68785,48246.38700725971,67803.33,28689.444014519424
2033,Haveri,Arecanut,5159.650249462274,997.0997216,1029.041675,905.4205288,872.8880111,1967.934647,4183.682597,3169.539529,39705.68785,2048674.622203237,503137.23,3594212.014406474
2034,Haveri,Rice,6548.156844310503,1057.044642,1183.213694,861.9638614,1018.321676,2542.319439,3187.064899,2746.088073,40797.7556,69216.94107254047,92006.24,46427.64214508094
2034,Haveri,Sorghum,2766.524572967507,1057.044642,1183.213694,861.9638614,1018.321676,2542.319439,3187.064899,2746.088073,40797.7556,32733.897595226565,60413.47,5054.325190453128
2034,Haveri,Maize,5763.93780138988,1057.044642,1183.213694,861.9638614,1018.321676,2542.319439,3187.064899,2746.088073,40797.7556,49683.060841554485,60413.47,38952.65168310897
2034,Haveri,Finger millet,2117.3270533297177,1057.044642,1183.213694,861.9638614,1018.321676,2542.319439,3187.064899,2746.088073,40797.7556,21561.200335868598,79299.73,-36177.3293282628
2034,Haveri,Chickpea,978.985804644744,1057.044642,1183.213694,861.9638614,1018.321676,2542.319439,3187.064899,2746.088073,40797.7556,24888.94641653389,40870.34,8907.552833067784
2034,Haveri,Pigeonpea,1136.150950053313,1057.044642,1183.213694,861.9638614,1018.321676,2542.319439,3187.064899,2746.088073,40797.7556,36209.868128804155,45957.39,26462.34625760831
2034,Haveri,Groundnut,1505.6879967567145,1057.044642,1183.213694,861.9638614,1018.321676,2542.319439,3187.064899,2746.088073,40797.7556,41347.51849552876,67803.33,14891.706991057523
2034,Haveri,Arecanut,6272.73687766383,1057.044642,1183.213694,861.9638614,1018.321676,2542.319439,3187.064899,2746.088073,40797.7556,2559135.86078036,503137.23,4615134.49156072
2035,Haveri,Rice,6477.002498145058,1157.025401,989.6475544,710.6941083,1127.5452,2316.400629,3477.503342,2399.920308,40314.23924,74940.56412694287,92006.24,57874.88825388574
2035,Haveri,Sorghum,2456.941282034584,1157.025401,989.6475544,710.6941083,1127.5452,2316.400629,3477.503342,2399.920308,40314.23924,24315.059310699267,60413.47,-11783.351378601466
2035,Haveri,Maize,5525.792435436626,1157.025401,989.6475544,710.6941083,1127.5452,2316.400629,3477.503342,2399.920308,40314.23924,39271.48127553519,60413.47,18129.492551070376
2035,Haveri,Finger millet,2063.5362955065166,1157.025401,989.6475544,710.6941083,1127.5452,2316.400629,3477.503342,2399.920308,40314.23924,23267.304450241543,79299.73,-32765.12109951691
2035,Haveri,Chickpea,926.7610545572586,1157.025401,989.6475544,710.6941083,1127.5452,2316.400629,3477.503342,2399.920308,40314.23924,21467.498897091373,40870.34,2064.657794182749
2035,Haveri,Pigeonpea,1016.214359919348,1157.025401,989.6475544,710.6941083,1127.5452,2316.400629,3477.503342,2399.920308,40314.23924,35338.888328079236,45957.39,24720.386656158473
2035,Haveri,Groundnut,1534.0988060023478,1157.025401,989.6475544,710.6941083,1127.5452,2316.400629,3477.503342,2399.920308,40314.23924,36817.14879003587,67803.33,5830.967580071738
2035,Haveri,Arecanut,4356.284142472576,1157.025401,989.6475544,710.6941083,1127.5452,2316.400629,3477.503342,2399.920308,40314.23924,1756202.8111705766,503137.23,3009268.392341153
2036,Haveri,Rice,6633.513085573073,1061.051081,935.0834003,856.7474289,983.9173847,2644.65911,3648.507724,2445.551045,40306.5789,70384.96230274955,92006.24,48763.684605499104
2036,Haveri,Sorghum,3137.8984593958803,1061.051081,935.0834003,856.7474289,983.9173847,2644.65911,3648.507724,2445.551045,40306.5789,29341.96761208031,60413.47,-1729.5347758393837
2036,Haveri,Maize,6049.615267452253,1061.051081,935.0834003,856.7474289,983.9173847,2644.65911,3648.507724,2445.551045,40306.5789,51829.923262239034,60413.47,43246.376524478066
2036,Haveri,Finger millet,2181.854059055805,1061.051081,935.0834003,856.7474289,983.9173847,2644.65911,3648.507724,2445.551045,40306.5789,21467.64139583267,79299.73,-36364.447208334655
2036,Haveri,Chickpea,1041.6342387682198,1061.051081,935.0834003,856.7474289,983.9173847,2644.65911,3648.507724,2445.551045,40306.5789,27547.674788462875,40870.34,14225.009576925753
2036,Haveri,Pigeonpea,1280.0260198892624,1061.051081,935.0834003,856.7474289,983.9173847,2644.65911,3648.507724,2445.551045,40306.5789,46701.84820486952,45957.39,47446.306409739045
2036,Haveri,Groundnut,1471.6065945778996,1061.051081,935.0834003,856.7474289,983.9173847,2644.65911,3648.507724,2445.551045,40306.5789,35988.890451988744,67803.33,4174.450903977486
2036,Haveri,Arecanut,8571.699778017744,1061.051081,935.0834003,856.7474289,983.9173847,2644.65911,3648.507724,2445.551045,40306.5789,3454958.934097847,503137.23,6406780.6381956935
2037,Haveri,Rice,6540.140256928817,917.3494934,983.5619924,853.1090939,1041.241196,2397.275199,3713.644652,3115.225663,40361.27628,59995.94351458596,92006.24,27985.647029171916
2037,Haveri,Sorghum,2731.645445585701,917.3494934,983.5619924,853.1090939,1041.241196,2397.275199,3713.644652,3115.225663,40361.27628,26867.426369906578,60413.47,-6678.617260186846
2037,Haveri,Maize,5737.107210728998,917.3494934,983.5619924,853.1090939,1041.241196,2397.275199,3713.644652,3115.225663,40361.27628,48943.783341521725,60413.47,37474.09668304345
2037,Haveri,Finger millet,2111.2667304730626,917.3494934,983.5619924,853.1090939,1041.241196,2397.275199,3713.644652,3115.225663,40361.27628,21983.378955127813,79299.73,-35332.97208974437
2037,Haveri,Chickpea,973.101915674848,917.3494934,983.5619924,853.1090939,1041.241196,2397.275199,3713.644652,3115.225663,40361.27628,23327.930885467027,40870.34,5785.521770934058
2037,Haveri,Pigeonpea,1122.6383228297448,917.3494934,983.5619924,853.1090939,1041.241196,2397.275199,3713.644652,3115.225663,40361.27628,41690.79803706931,45957.39,37424.20607413862
2037,Haveri,Groundnut,1508.888893780945,917.3494934,983.5619924,853.1090939,1041.241196,2397.275199,3713.644652,3115.225663,40361.27628,47005.294045220806,67803.33,26207.25809044161
2037,Haveri,Arecanut,6056.820188909368,917.3494934,983.5619924,853.1090939,1041.241196,2397.275199,3713.644652,3115.225663,40361.27628,2444609.9302285276,503137.23,4386082.630457055
2038,Haveri,Rice,6559.998959473437,896.3120637,863.4578383,1124.88516,886.9955259,2819.169186,2336.734876,2365.291849,40745.73841,58798.062052354886,92006.24,25589.884104709767
2038,Haveri,Sorghum,2818.0480733763707,896.3120637,863.4578383,1124.88516,886.9955259,2819.169186,2336.734876,2365.291849,40745.73841,24332.65697663041,60413.47,-11748.156046739183
2038,Haveri,Maize,5803.571991022938,896.3120637,863.4578383,1124.88516,886.9955259,2819.169186,2336.734876,2365.291849,40745.73841,65283.520076933564,60413.47,70153.57015386713
2038,Haveri,Finger millet,2126.2793715389626,896.3120637,863.4578383,1124.88516,886.9955259,2819.169186,2336.734876,2365.291849,40745.73841,18860.002893685236,79299.73,-41579.724212629524
2038,Haveri,Chickpea,987.6774944461436,896.3120637,863.4578383,1124.88516,886.9955259,2819.169186,2336.734876,2365.291849,40745.73841,27844.299580482544,40870.34,14818.259160965092
2038,Haveri,Pigeonpea,1156.1118236914965,896.3120637,863.4578383,1124.88516,886.9955259,2819.169186,2336.734876,2365.291849,40745.73841,27015.268189758826,45957.39,8073.146379517653
2038,Haveri,Groundnut,1500.95962676823,896.3120637,863.4578383,1124.88516,886.9955259,2819.169186,2336.734876,2365.291849,40745.73841,35502.07570872977,67803.33,3200.821417459534
2038,Haveri,Arecanut,6591.689341111184,896.3120637,863.4578383,1124.88516,886.9955259,2819.169186,2336.734876,2365.291849,40745.73841,2685832.495729015,503137.23,4868527.76145803
2039,Haveri,Rice,6528.905216537127,1170.234674,970.5108524,1044.388481,814.9426701,1939.590537,3046.56926,2548.233044,40735.73574,76403.51267651224,92006.24,60800.785353024476
2039,Haveri,Sorghum,2682.76324842326,1170.234674,970.5108524,1044.388481,814.9426701,1939.590537,3046.56926,2548.233044,40735.73574,26036.50847014651,60413.47,-8340.453059706982
2039,Haveri,Maize,5699.504830132912,1170.234674,970.5108524,1044.388481,814.9426701,1939.590537,3046.56926,2548.233044,40735.73574,59524.97191994674,60413.47,58636.473839893486
2039,Haveri,Finger millet,2102.773344342606,1170.234674,970.5108524,1044.388481,814.9426701,1939.590537,3046.56926,2548.233044,40735.73574,17136.397238536698,79299.73,-45026.9355229266
2039,Haveri,Chickpea,964.8557970847824,1170.234674,970.5108524,1044.388481,814.9426701,1939.590537,3046.56926,2548.233044,40735.73574,18714.251735952363,40870.34,-3441.836528095271
2039,Haveri,Pigeonpea,1103.7007243945968,1170.234674,970.5108524,1044.388481,814.9426701,1939.590537,3046.56926,2548.233044,40735.73574,33625.00699180311,45957.39,21292.623983606216
2039,Haveri,Groundnut,1513.3748683789424,1170.234674,970.5108524,1044.388481,814.9426701,1939.590537,3046.56926,2548.233044,40735.73574,38564.318475623724,67803.33,9325.306951247447
2039,Haveri,Arecanut,5754.218520157111,1170.234674,970.5108524,1044.388481,814.9426701,1939.590537,3046.56926,2548.233044,40735.73574,2344023.250273339,503137.23,4184909.270546678
2040,Haveri,Rice,6569.268822097215,857.6102955,1083.842212,811.9560632,969.8951932,2220.37599,2148.974304,2164.039988,39708.83787,56338.725757377295,92006.24,20671.211514754585
2040,Haveri,Sorghum,2858.380038073125,857.6102955,1083.842212,811.9560632,969.8951932,2220.37599,2148.974304,2164.039988,39708.83787,30980.329432018203,60413.47,1547.188864036405
2040,Haveri,Maize,5834.597148948544,857.6102955,1083.842212,811.9560632,969.8951932,2220.37599,2148.974304,2164.039988,39708.83787,47374.36531418204,60413.47,34335.26062836408
2040,Haveri,Finger millet,2133.2871365220126,857.6102955,1083.842212,811.9560632,969.8951932,2220.37599,2148.974304,2164.039988,39708.83787,20690.64939428092,79299.73,-37918.431211438154
2040,Haveri,Chickpea,994.4812427055472,857.6102955,1083.842212,811.9560632,969.8951932,2220.37599,2148.974304,2164.039988,39708.83787,22081.222738087596,40870.34,3292.105476175195
2040,Haveri,Pigeonpea,1171.7369509538726,857.6102955,1083.842212,811.9560632,969.8951932,2220.37599,2148.974304,2164.039988,39708.83787,25180.325986471802,45957.39,4403.261972943605
2040,Haveri,Groundnut,1497.258316687676,857.6102955,1083.842212,811.9560632,969.8951932,2220.37599,2148.974304,2164.039988,39708.83787,32401.268696776984,67803.33,-3000.7926064460335
2040,Haveri,Arecanut,6841.361420717963,857.6102955,1083.842212,811.9560632,969.8951932,2220.37599,2148.974304,2164.039988,39708.83787,2716625.1146536246,503137.23,4930112.999307249
2041,Haveri,Rice,6532.401721976511,938.6639756,760.622789,804.6846424,895.7734175,2572.410398,3344.137377,2452.899517,38774.52806,61317.301705667574,92006.24,30628.363411335144
2041,Haveri,Sorghum,2697.9760881024085,938.6639756,760.622789,804.6846424,895.7734175,2572.410398,3344.137377,2452.899517,38774.52806,20521.42096787764,60413.47,-19370.628064244724
2041,Haveri,Maize,5711.20722938599,938.6639756,760.622789,804.6846424,895.7734175,2572.410398,3344.137377,2452.899517,38774.52806,45957.2074705076,60413.47,31500.9449410152
2041,Haveri,Finger millet,2105.4166077193804,938.6639756,760.622789,804.6846424,895.7734175,2572.410398,3344.137377,2452.899517,38774.52806,18859.762299580463,79299.73,-41580.20540083907
2041,Haveri,Chickpea,967.4221072624742,938.6639756,760.622789,804.6846424,895.7734175,2572.410398,3344.137377,2452.899517,38774.52806,24886.0668797706,40870.34,8901.7937595412
2041,Haveri,Pigeonpea,1109.5943761865697,938.6639756,760.622789,804.6846424,895.7734175,2572.410398,3344.137377,2452.899517,38774.52806,37106.360267145064,45957.39,28255.33053429013
2041,Haveri,Groundnut,1511.9787688513927,938.6639756,760.622789,804.6846424,895.7734175,2572.410398,3344.137377,2452.899517,38774.52806,37087.31991829836,67803.33,6371.309836596716
2041,Haveri,Arecanut,5848.392492290018,938.6639756,760.622789,804.6846424,895.7734175,2572.410398,3344.137377,2452.899517,38774.52806,2267686.587981926,503137.23,4032235.9459638516
2042,Haveri,Rice,6486.198102942663,1021.431459,1075.700839,828.5916802,990.1037032,2643.976118,2601.519344,2327.175959,39452.27123,66252.06791651757,92006.24,40497.89583303513
2042,Haveri,Sorghum,2496.950160603182,1021.431459,1075.700839,828.5916802,990.1037032,2643.976118,2601.519344,2327.175959,39452.27123,26859.71382702028,60413.47,-6694.0423459594385
2042,Haveri,Maize,5556.569061007683,1021.431459,1075.700839,828.5916802,990.1037032,2643.976118,2601.519344,2327.175959,39452.27123,46041.268944076925,60413.47,31669.067888153848
2042,Haveri,Finger millet,2070.4879235849444,1021.431459,1075.700839,828.5916802,990.1037032,2643.976118,2601.519344,2327.175959,39452.27123,20499.97760572332,79299.73,-38299.77478855335
2042,Haveri,Chickpea,933.5103002230344,1021.431459,1075.700839,828.5916802,990.1037032,2643.976118,2601.519344,2327.175959,39452.27123,24681.78939696713,40870.34,8493.238793934266
2042,Haveri,Pigeonpea,1031.7143194169723,1021.431459,1075.700839,828.5916802,990.1037032,2643.976118,2601.519344,2327.175959,39452.27123,26840.24759445048,45957.39,7723.105188900961
2042,Haveri,Groundnut,1530.427145901705,1021.431459,1075.700839,828.5916802,990.1037032,2643.976118,2601.519344,2327.175959,39452.27123,35615.73260943434,67803.33,3428.1352188686724
2042,Haveri,Arecanut,4603.956181017246,1021.431459,1075.700839,828.5916802,990.1037032,2643.976118,2601.519344,2327.175959,39452.27123,1816365.2798452736,503137.23,3129593.329690547
2043,Haveri,Rice,6491.788055565275,859.3930638,1061.556969,1342.7188,958.3071996,2370.051599,1218.989026,3044.446411,39432.67247,55789.97626612486,92006.24,19573.712532249716
2043,Haveri,Sorghum,2521.2713162644704,859.3930638,1061.556969,1342.7188,958.3071996,2370.051599,1218.989026,3044.446411,39432.67247,26764.731365203515,60413.47,-6884.00726959297
2043,Haveri,Maize,5575.277985826944,859.3930638,1061.556969,1342.7188,958.3071996,2370.051599,1218.989026,3044.446411,39432.67247,74860.30566795972,60413.47,89307.14133591944
2043,Haveri,Finger millet,2074.713776311732,859.3930638,1061.556969,1342.7188,958.3071996,2370.051599,1218.989026,3044.446411,39432.67247,19882.131489488365,79299.73,-39535.467021023265
2043,Haveri,Chickpea,937.6131259033932,859.3930638,1061.556969,1342.7188,958.3071996,2370.051599,1218.989026,3044.446411,39432.67247,22221.914882907255,40870.34,3573.489765814513
2043,Haveri,Pigeonpea,1041.1366511886322,859.3930638,1061.556969,1342.7188,958.3071996,2370.051599,1218.989026,3044.446411,39432.67247,12691.341523653326,45957.39,-20574.70695269335
2043,Haveri,Groundnut,1528.1951659003166,859.3930638,1061.556969,1342.7188,958.3071996,2370.051599,1218.989026,3044.446411,39432.67247,46525.08288132768,67803.33,25246.835762655362
2043,Haveri,Arecanut,4754.514517514121,859.3930638,1061.556969,1342.7188,958.3071996,2370.051599,1218.989026,3044.446411,39432.67247,1874832.1372299439,503137.23,3246527.044459888
2044,Haveri,Rice,6560.00773132487,1012.520002,1014.459851,909.6903269,978.9844121,2947.988115,1395.265114,2460.02828,38780.92502,66421.39041241072,92006.24,40836.54082482144
2044,Haveri,Sorghum,2818.086238559253,1012.520002,1014.459851,909.6903269,978.9844121,2947.988115,1395.265114,2460.02828,38780.92502,28588.353456739704,60413.47,-3236.763086520594
2044,Haveri,Maize,5803.601349395016,1012.520002,1014.459851,909.6903269,978.9844121,2947.988115,1395.265114,2460.02828,38780.92502,52794.80008728433,60413.47,45176.130174568665
2044,Haveri,Finger millet,2126.286002820979,1012.520002,1014.459851,909.6903269,978.9844121,2947.988115,1395.265114,2460.02828,38780.92502,20816.008524281548,79299.73,-37667.7129514369
2044,Haveri,Chickpea,987.6839326719668,1012.520002,1014.459851,909.6903269,978.9844121,2947.988115,1395.265114,2460.02828,38780.92502,29116.804948934183,40870.34,17363.26989786837
2044,Haveri,Pigeonpea,1156.1266093793251,1012.520002,1014.459851,909.6903269,978.9844121,2947.988115,1395.265114,2460.02828,38780.92502,16131.031254340776,45957.39,-13695.327491318447
2044,Haveri,Groundnut,1500.9561243061703,1012.520002,1014.459851,909.6903269,978.9844121,2947.988115,1395.265114,2460.02828,38780.92502,36923.94512832374,67803.33,6044.5602566474845
2044,Haveri,Arecanut,6591.92559988634,1012.520002,1014.459851,909.6903269,978.9844121,2947.988115,1395.265114,2460.02828,38780.92502,2556409.7242661067,503137.23,4609682.218532214
2045,Haveri,Rice,6506.8874391748295,1022.573699,1310.90101,1224.286238,781.0913149,2420.795694,3480.764094,3024.189488,38819.07739,66537.71957653643,92006.24,41069.199153072856
2045,Haveri,Sorghum,2586.966767362228,1022.573699,1310.90101,1224.286238,781.0913149,2420.795694,3480.764094,3024.189488,38819.07739,33912.5734817158,60413.47,7411.676963431601
2045,Haveri,Maize,5625.813876171651,1022.573699,1310.90101,1224.286238,781.0913149,2420.795694,3480.764094,3024.189488,38819.07739,68876.06506146387,60413.47,77338.66012292774
2045,Haveri,Finger millet,2086.1285012131834,1022.573699,1310.90101,1224.286238,781.0913149,2420.795694,3480.764094,3024.189488,38819.07739,16294.568540629718,79299.73,-46710.592918740556
2045,Haveri,Chickpea,948.6955344698438,1022.573699,1310.90101,1224.286238,781.0913149,2420.795694,3480.764094,3024.189488,38819.07739,22965.980647616263,40870.34,5061.6212952325295
2045,Haveri,Pigeonpea,1066.587922696967,1022.573699,1310.90101,1224.286238,781.0913149,2420.795694,3480.764094,3024.189488,38819.07739,37125.409444176505,45957.39,28293.42888835301
2045,Haveri,Groundnut,1522.166219945838,1022.573699,1310.90101,1224.286238,781.0913149,2420.795694,3480.764094,3024.189488,38819.07739,46033.190813488996,67803.33,24263.05162697799
2045,Haveri,Arecanut,5161.197405878401,1022.573699,1310.90101,1224.286238,781.0913149,2420.795694,3480.764094,3024.189488,38819.07739,2003529.215238609,503137.23,3503921.200477218
2046,Haveri,Rice,6486.199940874961,886.928432,1460.622984,878.7712581,1013.738903,3137.833103,2191.878638,2306.549004,39451.62203,57527.95143198722,92006.24,23049.66286397443
2046,Haveri,Sorghum,2496.95815720718,886.928432,1460.622984,878.7712581,1013.738903,3137.833103,2191.878638,2306.549004,39451.62203,36471.14474503093,60413.47,12528.819490061855
2046,Haveri,Maize,5556.575212354481,886.928432,1460.622984,878.7712581,1013.738903,3137.833103,2191.878638,2306.549004,39451.62203,48829.585900880214,60413.47,37245.70180176043
2046,Haveri,Finger millet,2070.489313011963,886.928432,1460.622984,878.7712581,1013.738903,3137.833103,2191.878638,2306.549004,39451.62203,20989.355648459714,79299.73,-37321.01870308057
2046,Haveri,Chickpea,933.5116491997316,886.928432,1460.622984,878.7712581,1013.738903,3137.833103,2191.878638,2306.549004,39451.62203,29292.03754895041,40870.34,17713.735097900826
2046,Haveri,Pigeonpea,1031.7174174052818,886.928432,1460.622984,878.7712581,1013.738903,3137.833103,2191.878638,2306.549004,39451.62203,22613.993676631668,45957.39,-729.4026467366639
2046,Haveri,Groundnut,1530.426412044299,886.928432,1460.622984,878.7712581,1013.738903,3137.833103,2191.878638,2306.549004,39451.62203,35300.03516396072,67803.33,2796.740327921434
2046,Haveri,Arecanut,4604.005683409826,886.928432,1460.622984,878.7712581,1013.738903,3137.833103,2191.878638,2306.549004,39451.62203,1816354.920458563,503137.23,3129572.610917126
2017,Gadag,Rice,6489.4391655196,1030.703023,1413.448134,1007.003891,737.7581044,2247.488377,2383.963213,2623.244337,30356.0,66886.84565475649,92006.24,41767.451309512966
2017,Gadag,Sorghum,2511.051601664201,1030.703023,1413.448134,1007.003891,737.7581044,2247.488377,2383.963213,2623.244337,30356.0,35492.41200749976,60413.47,10571.354014999524
2017,Gadag,Maize,5567.41652254808,1030.703023,1413.448134,1007.003891,737.7581044,2247.488377,2383.963213,2623.244337,30356.0,56064.10101023605,60413.47,51714.7320204721
2017,Gadag,Finger millet,2072.9380790787554,1030.703023,1413.448134,1007.003891,737.7581044,2247.488377,2383.963213,2623.244337,30356.0,15293.268677597198,79299.73,-48713.192644805604
2017,Gadag,Chickpea,935.8891244582372,1030.703023,1413.448134,1007.003891,737.7581044,2247.488377,2383.963213,2623.244337,30356.0,21033.999293805948,40870.34,1197.6585876118988
2017,Gadag,Pigeonpea,1037.1774009409687,1030.703023,1413.448134,1007.003891,737.7581044,2247.488377,2383.963213,2623.244337,30356.0,24725.927691982208,45957.39,3494.465383964416
2017,Gadag,Groundnut,1529.1330406841207,1030.703023,1413.448134,1007.003891,737.7581044,2247.488377,2383.963213,2623.244337,30356.0,40112.89589494211,67803.33,12422.461789884212
2017,Gadag,Arecanut,4691.250121236337,1030.703023,1413.448134,1007.003891,737.7581044,2247.488377,2383.963213,2623.244337,30356.0,1424075.8868025024,503137.23,2345014.543605005
2018,Gadag,Rice,6511.533423198742,886.0101387,1094.94457,890.3272183,329.1287875,2339.959526,4304.674867,2947.999169,25774.23742,57692.84631438003,92006.24,23379.45262876006
2018,Gadag,Sorghum,2607.180838620786,886.0101387,1094.94457,890.3272183,329.1287875,2339.959526,4304.674867,2947.999169,25774.23742,28547.185022558762,60413.47,-3319.0999548824766
2018,Gadag,Maize,5641.363447283089,886.0101387,1094.94457,890.3272183,329.1287875,2339.959526,4304.674867,2947.999169,25774.23742,50226.59425438852,60413.47,40039.718508777034
2018,Gadag,Finger millet,2089.640739255532,886.0101387,1094.94457,890.3272183,329.1287875,2339.959526,4304.674867,2947.999169,25774.23742,6877.60922821777,79299.73,-65544.51154356445
2018,Gadag,Chickpea,952.1055208956212,886.0101387,1094.94457,890.3272183,329.1287875,2339.959526,4304.674867,2947.999169,25774.23742,22278.88383376901,40870.34,3687.4276675380243
2018,Gadag,Pigeonpea,1074.419116596904,886.0101387,1094.94457,890.3272183,329.1287875,2339.959526,4304.674867,2947.999169,25774.23742,46250.24967839035,45957.39,46543.1093567807
2018,Gadag,Groundnut,1520.311151731808,886.0101387,1094.94457,890.3272183,329.1287875,2339.959526,4304.674867,2947.999169,25774.23742,44818.76011926803,67803.33,21834.19023853606
2018,Gadag,Arecanut,5286.331136565458,886.0101387,1094.94457,890.3272183,329.1287875,2339.959526,4304.674867,2947.999169,25774.23742,1362511.5379457658,503137.23,2221885.8458915316
2019,Gadag,Rice,6385.172117511106,1165.318856,1039.274187,983.225949,813.1709603,2088.165827,2325.982954,3281.625815,26094.11765,74407.6146734114,92006.24,56808.9893468228
2019,Gadag,Sorghum,2057.3992585834867,1165.318856,1039.274187,983.225949,813.1709603,2088.165827,2325.982954,3281.625815,26094.11765,21382.019417987558,60413.47,-17649.431164024885
2019,Gadag,Maize,5218.446773783712,1165.318856,1039.274187,983.225949,813.1709603,2088.165827,2325.982954,3281.625815,26094.11765,51309.12281459479,60413.47,42204.77562918958
2019,Gadag,Finger millet,1994.1150158280009,1165.318856,1039.274187,983.225949,813.1709603,2088.165827,2325.982954,3281.625815,26094.11765,16215.564223695053,79299.73,-46868.60155260989
2019,Gadag,Chickpea,859.3608332426566,1165.318856,1039.274187,983.225949,813.1709603,2088.165827,2325.982954,3281.625815,26094.11765,17944.87925039561,40870.34,-4980.581499208776
2019,Gadag,Pigeonpea,861.4265877384137,1165.318856,1039.274187,983.225949,813.1709603,2088.165827,2325.982954,3281.625815,26094.11765,20036.635592019356,45957.39,-5884.118815961287
2019,Gadag,Groundnut,1570.7652300192142,1165.318856,1039.274187,983.225949,813.1709603,2088.165827,2325.982954,3281.625815,26094.11765,51546.637281354655,67803.33,35289.94456270931
2019,Gadag,Arecanut,1882.948448678274,1165.318856,1039.274187,983.225949,813.1709603,2088.165827,2325.982954,3281.625815,26094.11765,491338.78348695865,503137.23,479540.3369739173
2020,Gadag,Rice,6476.880437196848,1057.598794,846.4113963,775.279199,1038.324486,2317.911653,216.6780948,2567.905327,31529.00777,68499.4093926158,92006.24,44992.578785231584
2020,Gadag,Sorghum,2456.410210749729,1057.598794,846.4113963,775.279199,1038.324486,2317.911653,216.6780948,2567.905327,31529.00777,20791.33596366255,60413.47,-18830.7980726749
2020,Gadag,Maize,5525.383911562169,1057.598794,846.4113963,775.279199,1038.324486,2317.911653,216.6780948,2567.905327,31529.00777,42837.15213123405,60413.47,25260.834262468095
2020,Gadag,Finger millet,2063.444020736827,1057.598794,846.4113963,775.279199,1038.324486,2317.911653,216.6780948,2567.905327,31529.00777,21425.24452221339,79299.73,-36449.240955573216
2020,Gadag,Chickpea,926.6714661784846,1057.598794,846.4113963,775.279199,1038.324486,2317.911653,216.6780948,2567.905327,31529.00777,21479.42589957705,40870.34,2088.5117991541047
2020,Gadag,Pigeonpea,1016.008616001995,1057.598794,846.4113963,775.279199,1038.324486,2317.911653,216.6780948,2567.905327,31529.00777,2201.4681121569706,45957.39,-41554.45377568606
2020,Gadag,Groundnut,1534.147543015655,1057.598794,846.4113963,775.279199,1038.324486,2317.911653,216.6780948,2567.905327,31529.00777,39395.45648113862,67803.33,10987.582962277243
2020,Gadag,Arecanut,4352.996584499485,1057.598794,846.4113963,775.279199,1038.324486,2317.911653,216.6780948,2567.905327,31529.00777,1372456.6313546773,503137.23,2241776.0327093545
2021,Gadag,Rice,6451.659377631959,1099.93243,1158.966611,724.3096996,580.6296947,2299.94258,3185.476764,1904.390036,38344.77433,70963.89376771009,92006.24,49921.54753542018
2021,Gadag,Sorghum,2346.6766661148167,1099.93243,1158.966611,724.3096996,580.6296947,2299.94258,3185.476764,1904.390036,38344.77433,27197.19902839868,60413.47,-6019.071943202638
2021,Gadag,Maize,5440.9719426032525,1099.93243,1158.966611,724.3096996,580.6296947,2299.94258,3185.476764,1904.390036,38344.77433,39409.487532789906,60413.47,18405.50506557981
2021,Gadag,Finger millet,2044.377583052964,1099.93243,1158.966611,724.3096996,580.6296947,2299.94258,3185.476764,1904.390036,38344.77433,11870.263318995663,79299.73,-55559.20336200867
2021,Gadag,Chickpea,908.160108774464,1099.93243,1158.966611,724.3096996,580.6296947,2299.94258,3185.476764,1904.390036,38344.77433,20887.161036278212,40870.34,903.9820725564277
2021,Gadag,Pigeonpea,973.4964147550738,1099.93243,1158.966611,724.3096996,580.6296947,2299.94258,3185.476764,1904.390036,38344.77433,31010.50209039594,45957.39,16063.614180791883
2021,Gadag,Groundnut,1544.2179146919648,1099.93243,1158.966611,724.3096996,580.6296947,2299.94258,3185.476764,1904.390036,38344.77433,29407.932101520753,67803.33,-8987.465796958495
2021,Gadag,Arecanut,3673.699096821527,1099.93243,1158.966611,724.3096996,580.6296947,2299.94258,3185.476764,1904.390036,38344.77433,1408671.6282394626,503137.23,2314206.0264789253
2022,Gadag,Rice,6487.516438090087,1009.844208,855.8851753,1009.574256,599.8214959,2367.155541,3803.102275,2218.211926,35569.89071,65513.80899310065,92006.24,39021.37798620129
2022,Gadag,Sorghum,2502.686065090914,1009.844208,855.8851753,1009.574256,599.8214959,2367.155541,3803.102275,2218.211926,35569.89071,21420.11901541204,60413.47,-17573.23196917592
2022,Gadag,Maize,5560.981376249851,1009.844208,855.8851753,1009.574256,599.8214959,2367.155541,3803.102275,2218.211926,35569.89071,56142.23635557299,60413.47,51871.00271114598
2022,Gadag,Finger millet,2071.484549237016,1009.844208,855.8851753,1009.574256,599.8214959,2367.155541,3803.102275,2218.211926,35569.89071,12425.209610570839,79299.73,-54449.310778858315
2022,Gadag,Chickpea,934.4779111606102,1009.844208,855.8851753,1009.574256,599.8214959,2367.155541,3803.102275,2218.211926,35569.89071,22120.54565345944,40870.34,3370.7513069188863
2022,Gadag,Pigeonpea,1033.93648335715,1009.844208,855.8851753,1009.574256,599.8214959,2367.155541,3803.102275,2218.211926,35569.89071,39321.66192061078,45957.39,32685.93384122156
2022,Gadag,Groundnut,1529.9007554503307,1009.844208,855.8851753,1009.574256,599.8214959,2367.155541,3803.102275,2218.211926,35569.89071,33936.441013363336,67803.33,69.55202672666928
2022,Gadag,Arecanut,4639.463878513396,1009.844208,855.8851753,1009.574256,599.8214959,2367.155541,3803.102275,2218.211926,35569.89071,1650252.231117142,503137.23,2797367.232234284
2023,Gadag,Rice,6511.968630942441,936.0548582,1355.343849,1160.756957,573.1974202,1720.383746,3399.534513,1625.097982,36269.42971,60955.59873439675,92006.24,29904.957468793495
2023,Gadag,Sorghum,2609.0743708193786,936.0548582,1355.343849,1160.756957,573.1974202,1720.383746,3399.534513,1625.097982,36269.42971,35361.9290007359,60413.47,10310.388001471802
2023,Gadag,Maize,5642.820037259309,936.0548582,1355.343849,1160.756957,573.1974202,1720.383746,3399.534513,1625.097982,36269.42971,65499.42615347743,60413.47,70585.38230695485
2023,Gadag,Finger millet,2089.9697445181155,936.0548582,1355.343849,1160.756957,573.1974202,1720.383746,3399.534513,1625.097982,36269.42971,11979.652658538369,79299.73,-55340.42468292326
2023,Gadag,Chickpea,952.4249478438784,936.0548582,1355.343849,1160.756957,573.1974202,1720.383746,3399.534513,1625.097982,36269.42971,16385.36399555506,40870.34,-8099.612008889875
2023,Gadag,Pigeonpea,1075.1526955782624,936.0548582,1355.343849,1160.756957,573.1974202,1720.383746,3399.534513,1625.097982,36269.42971,36550.18695363286,45957.39,27142.98390726572
2023,Gadag,Groundnut,1520.1373801373122,936.0548582,1355.343849,1160.756957,573.1974202,1720.383746,3399.534513,1625.097982,36269.42971,24703.72188823913,67803.33,-18395.88622352174
2023,Gadag,Arecanut,5298.052909243274,936.0548582,1355.343849,1160.756957,573.1974202,1720.383746,3399.534513,1625.097982,36269.42971,1921573.5759165992,503137.23,3340009.9218331985
2024,Gadag,Rice,6439.3805223230665,1298.568655,899.3455057,594.8022024,641.4202777,2276.464255,2939.257434,2912.404789,36139.20821,83619.77703906262,92006.24,75233.31407812524
2024,Gadag,Sorghum,2293.252966224758,1298.568655,899.3455057,594.8022024,641.4202777,2276.464255,2939.257434,2912.404789,36139.20821,20624.2674860743,60413.47,-19164.935027851403
2024,Gadag,Maize,5399.876034220873,1298.568655,899.3455057,594.8022024,641.4202777,2276.464255,2939.257434,2912.404789,36139.20821,32118.581578415535,60413.47,3823.6931568310683
2024,Gadag,Finger millet,2035.0951011265468,1298.568655,899.3455057,594.8022024,641.4202777,2276.464255,2939.257434,2912.404789,36139.20821,13053.512649104994,79299.73,-53192.704701790004
2024,Gadag,Chickpea,899.1478672962517,1298.568655,899.3455057,594.8022024,641.4202777,2276.464255,2939.257434,2912.404789,36139.20821,20468.779798594,40870.34,67.21959718800645
2024,Gadag,Pigeonpea,952.7993791436064,1298.568655,899.3455057,594.8022024,641.4202777,2276.464255,2939.257434,2912.404789,36139.20821,28005.226582584295,45957.39,10053.06316516859
2024,Gadag,Groundnut,1549.120668139021,1298.568655,899.3455057,594.8022024,641.4202777,2276.464255,2939.257434,2912.404789,36139.20821,45116.66452626965,67803.33,22429.999052539293
2024,Gadag,Arecanut,3342.983587370717,1298.568655,899.3455057,594.8022024,641.4202777,2276.464255,2939.257434,2912.404789,36139.20821,1208127.7990660307,503137.23,1913118.3681320613
2025,Gadag,Rice,6526.05541951915,559.1740052,895.7050639,1051.157611,647.4363767,2707.785359,3445.409717,2542.970463,36406.71936,36492.0054708969,92006.24,-19022.229058206212
2025,Gadag,Sorghum,2670.364152839351,559.1740052,895.7050639,1051.157611,647.4363767,2707.785359,3445.409717,2542.970463,36406.71936,23918.586941552403,60413.47,-12576.296116895195
2025,Gadag,Maize,5689.966889159349,559.1740052,895.7050639,1051.157611,647.4363767,2707.785359,3445.409717,2542.970463,36406.71936,59810.520018778436,60413.47,59207.57003755687
2025,Gadag,Finger millet,2100.618975010298,559.1740052,895.7050639,1051.157611,647.4363767,2707.785359,3445.409717,2542.970463,36406.71936,13600.171380079351,79299.73,-52099.38723984129
2025,Gadag,Chickpea,962.7641478028422,559.1740052,895.7050639,1051.157611,647.4363767,2707.785359,3445.409717,2542.970463,36406.71936,26069.586635906482,40870.34,11268.833271812968
2025,Gadag,Pigeonpea,1098.897153631466,559.1740052,895.7050639,1051.157611,647.4363767,2707.785359,3445.409717,2542.970463,36406.71936,37861.50931105494,45957.39,29765.628622109885
2025,Gadag,Groundnut,1514.5127474240007,559.1740052,895.7050639,1051.157611,647.4363767,2707.785359,3445.409717,2542.970463,36406.71936,38513.61182536213,67803.33,9223.893650724262
2025,Gadag,Arecanut,5677.462825190262,559.1740052,895.7050639,1051.157611,647.4363767,2707.785359,3445.409717,2542.970463,36406.71936,2066977.9575353465,503137.23,3630818.685070693
2026,Gadag,Rice,6558.710569362793,1219.189603,883.2798565,858.7419168,1115.485933,519.1438546,2616.819725,2362.34785,36789.85783,79963.11735253327,92006.24,67919.99470506654
2026,Gadag,Sorghum,2812.4424558427468,1219.189603,883.2798565,858.7419168,1115.485933,519.1438546,2616.819725,2362.34785,36789.85783,24841.73768811289,60413.47,-10729.994623774219
2026,Gadag,Maize,5799.259898355031,1219.189603,883.2798565,858.7419168,1115.485933,519.1438546,2616.819725,2362.34785,36789.85783,49800.675611347724,60413.47,39187.88122269545
2026,Gadag,Finger millet,2125.3053835233563,1219.189603,883.2798565,858.7419168,1115.485933,519.1438546,2616.819725,2362.34785,36789.85783,23707.482586494738,79299.73,-31884.76482701052
2026,Gadag,Chickpea,986.7318620966156,1219.189603,883.2798565,858.7419168,1115.485933,519.1438546,2616.819725,2362.34785,36789.85783,5122.557823454727,40870.34,-30625.22435309054
2026,Gadag,Pigeonpea,1153.9401346104996,1219.189603,883.2798565,858.7419168,1115.485933,519.1438546,2616.819725,2362.34785,36789.85783,30196.533057179106,45957.39,14435.676114358212
2026,Gadag,Groundnut,1501.4740606382616,1219.189603,883.2798565,858.7419168,1115.485933,519.1438546,2616.819725,2362.34785,36789.85783,35470.04018979567,67803.33,3136.7503795913362
2026,Gadag,Arecanut,6556.988175481812,1219.189603,883.2798565,858.7419168,1115.485933,519.1438546,2616.819725,2362.34785,36789.85783,2412306.6276896694,503137.23,4321476.025379339
2027,Gadag,Rice,6485.366968449199,831.7268044,1319.029975,753.701081,818.444891,3333.749483,2513.270978,1566.656205,37075.00449,53940.53544029568,92006.24,15874.830880591355
2027,Gadag,Sorghum,2493.3340026934966,831.7268044,1319.029975,753.701081,818.444891,3333.749483,2513.270978,1566.656205,37075.00449,32887.82287239453,60413.47,5362.175744789056
2027,Gadag,Maize,5553.787349998178,831.7268044,1319.029975,753.701081,818.444891,3333.749483,2513.270978,1566.656205,37075.00449,41858.95529337753,60413.47,23304.440586755052
2027,Gadag,Finger millet,2069.8596084269,831.7268044,1319.029975,753.701081,818.444891,3333.749483,2513.270978,1566.656205,37075.00449,16940.660216042572,79299.73,-45418.40956791485
2027,Gadag,Chickpea,932.900277173854,831.7268044,1319.029975,753.701081,818.444891,3333.749483,2513.270978,1566.656205,37075.00449,31100.55816718892,40870.34,21330.776334377842
2027,Gadag,Pigeonpea,1030.313372848549,831.7268044,1319.029975,753.701081,818.444891,3333.749483,2513.270978,1566.656205,37075.00449,25894.566982255514,45957.39,5831.743964511028
2027,Gadag,Groundnut,1530.7590048087686,831.7268044,1319.029975,753.701081,818.444891,3333.749483,2513.270978,1566.656205,37075.00449,23981.73093243282,67803.33,-19839.868135134362
2027,Gadag,Arecanut,4581.570619780992,831.7268044,1319.029975,753.701081,818.444891,3333.749483,2513.270978,1566.656205,37075.00449,1698617.5129963236,503137.23,2894097.7959926473
2028,Gadag,Rice,6403.207556062817,1210.031068,1049.252099,704.3002957,1041.870945,2663.692113,3403.807034,3140.077613,37141.36037,77480.80077688361,92006.24,62955.361553767216
2028,Gadag,Sorghum,2135.869102256492,1210.031068,1049.252099,704.3002957,1041.870945,2663.692113,3403.807034,3140.077613,37141.36037,22410.651387318703,60413.47,-15592.167225362595
2028,Gadag,Maize,5278.809300396466,1210.031068,1049.252099,704.3002957,1041.870945,2663.692113,3403.807034,3140.077613,37141.36037,37178.66951213141,60413.47,13943.869024262822
2028,Gadag,Finger millet,2007.7493187153411,1210.031068,1049.252099,704.3002957,1041.870945,2663.692113,3403.807034,3140.077613,37141.36037,20918.156800130586,79299.73,-37463.416399738824
2028,Gadag,Chickpea,872.5982013282444,1210.031068,1049.252099,704.3002957,1041.870945,2663.692113,3403.807034,3140.077613,37141.36037,23243.32946696031,40870.34,5616.318933920622
2028,Gadag,Pigeonpea,891.8268249415406,1210.031068,1049.252099,704.3002957,1041.870945,2663.692113,3403.807034,3140.077613,37141.36037,30356.064198459022,45957.39,14754.738396918045
2028,Gadag,Groundnut,1563.563963589717,1210.031068,1049.252099,704.3002957,1041.870945,2663.692113,3403.807034,3140.077613,37141.36037,49097.12198561618,67803.33,30390.913971232352
2028,Gadag,Arecanut,2368.7102806039657,1210.031068,1049.252099,704.3002957,1041.870945,2663.692113,3403.807034,3140.077613,37141.36037,879771.2214403572,503137.23,1256405.2128807143
2029,Gadag,Rice,6525.507609621979,861.0081983,800.39752,793.4439598,778.5729854,2104.103778,761.154181,3449.850779,37901.15494,56185.155499535605,92006.24,20364.070999071206
2029,Gadag,Sorghum,2667.980703339618,861.0081983,800.39752,793.4439598,778.5729854,2104.103778,761.154181,3449.850779,37901.15494,21354.451383608855,60413.47,-17704.56723278229
2029,Gadag,Maize,5688.1334328005305,861.0081983,800.39752,793.4439598,778.5729854,2104.103778,761.154181,3449.850779,37901.15494,45132.1511479202,60413.47,29850.832295840402
2029,Gadag,Finger millet,2100.204845570568,861.0081983,800.39752,793.4439598,778.5729854,2104.103778,761.154181,3449.850779,37901.15494,16351.627565674231,79299.73,-46596.47486865154
2029,Gadag,Chickpea,962.3620748934982,861.0081983,800.39752,793.4439598,778.5729854,2104.103778,761.154181,3449.850779,37901.15494,20249.096775873284,40870.34,-372.1464482534284
2029,Gadag,Pigeonpea,1097.9737743208675,861.0081983,800.39752,793.4439598,778.5729854,2104.103778,761.154181,3449.850779,37901.15494,8357.273289526787,45957.39,-29242.843420946425
2029,Gadag,Groundnut,1514.7314792841069,861.0081983,800.39752,793.4439598,778.5729854,2104.103778,761.154181,3449.850779,37901.15494,52255.97573784098,67803.33,36708.62147568195
2029,Gadag,Arecanut,5662.708255267614,861.0081983,800.39752,793.4439598,778.5729854,2104.103778,761.154181,3449.850779,37901.15494,2146231.829629149,503137.23,3789326.4292582977
2030,Gadag,Rice,6538.930967573372,875.3835621,673.716312,1126.268068,674.2195807,2166.385806,742.1939068,2054.215458,37972.42574,57240.72682720378,92006.24,22475.213654407562
2030,Gadag,Sorghum,2726.383985133541,875.3835621,673.716312,1126.268068,674.2195807,2166.385806,742.1939068,2054.215458,37972.42574,18368.093635600322,60413.47,-23677.282728799357
2030,Gadag,Maize,5733.05985913889,875.3835621,673.716312,1126.268068,674.2195807,2166.385806,742.1939068,2054.215458,37972.42574,64569.6225128071,60413.47,68725.7750256142
2030,Gadag,Finger millet,2110.352540485206,875.3835621,673.716312,1126.268068,674.2195807,2166.385806,742.1939068,2054.215458,37972.42574,14228.410049751157,79299.73,-50842.90990049768
2030,Gadag,Chickpea,972.2143404559748,875.3835621,673.716312,1126.268068,674.2195807,2166.385806,742.1939068,2054.215458,37972.42574,21061.913475534755,40870.34,1253.4869510695135
2030,Gadag,Pigeonpea,1120.5999646746418,875.3835621,673.716312,1126.268068,674.2195807,2166.385806,742.1939068,2054.215458,37972.42574,8317.024657418144,45957.39,-29323.340685163712
2030,Gadag,Groundnut,1509.3717439658153,875.3835621,673.716312,1126.268068,674.2195807,2166.385806,742.1939068,2054.215458,37972.42574,31005.74768322996,67803.33,-5791.834633540078
2030,Gadag,Arecanut,6024.249502538486,875.3835621,673.716312,1126.268068,674.2195807,2166.385806,742.1939068,2054.215458,37972.42574,2287553.668743746,503137.23,4071970.107487492
2031,Gadag,Rice,6476.498078789649,992.1998454,1340.67709,713.0180879,833.6715146,1221.660733,1639.328658,2692.887683,38949.51454,64259.80392508486,92006.24,36513.367850169714
2031,Gadag,Sorghum,2454.7466191296,992.1998454,1340.67709,713.0180879,833.6715146,1221.660733,1639.328658,2692.887683,38949.51454,32910.225540220104,60413.47,5406.981080440208
2031,Gadag,Maize,5524.104202201956,992.1998454,1340.67709,713.0180879,833.6715146,1221.660733,1639.328658,2692.887683,38949.51454,39387.86215614393,60413.47,18362.254312287856
2031,Gadag,Finger millet,2063.154968140722,992.1998454,1340.67709,713.0180879,833.6715146,1221.660733,1639.328658,2692.887683,38949.51454,17199.9352714439,79299.73,-44899.859457112194
2031,Gadag,Chickpea,926.3908287566552,992.1998454,1340.67709,713.0180879,833.6715146,1221.660733,1639.328658,2692.887683,38949.51454,11317.352989033327,40870.34,-18235.634021933343
2031,Gadag,Pigeonpea,1015.364118988954,992.1998454,1340.67709,713.0180879,833.6715146,1221.660733,1639.328658,2692.887683,38949.51454,16645.15498563514,45957.39,-12667.080028729717
2031,Gadag,Groundnut,1534.3002127028324,992.1998454,1340.67709,713.0180879,833.6715146,1221.660733,1639.328658,2692.887683,38949.51454,41316.981448117374,67803.33,14830.632896234747
2031,Gadag,Arecanut,4342.698242166379,992.1998454,1340.67709,713.0180879,833.6715146,1221.660733,1639.328658,2692.887683,38949.51454,1691459.8832609178,503137.23,2879782.5365218357
2032,Gadag,Rice,6485.0636518323945,768.2094352,1138.693697,915.7056832,844.3900555,1568.170794,2732.549216,3479.752485,39034.47922,49818.87085210213,92006.24,7631.50170420426
2032,Gadag,Sorghum,2492.0143116066524,768.2094352,1138.693697,915.7056832,844.3900555,1568.170794,2732.549216,3479.752485,39034.47922,28376.409894602886,60413.47,-3660.6502107942288
2032,Gadag,Maize,5552.772184367389,768.2094352,1138.693697,915.7056832,844.3900555,1568.170794,2732.549216,3479.752485,39034.47922,50847.050467400964,60413.47,41280.63093480193
2032,Gadag,Finger millet,2069.6303092827507,768.2094352,1138.693697,915.7056832,844.3900555,1568.170794,2732.549216,3479.752485,39034.47922,17475.75251719744,79299.73,-44348.22496560511
2032,Gadag,Chickpea,932.6776536046184,768.2094352,1138.693697,915.7056832,844.3900555,1568.170794,2732.549216,3479.752485,39034.47922,14625.978565992113,40870.34,-11618.382868015771
2032,Gadag,Pigeonpea,1029.802107371303,768.2094352,1138.693697,915.7056832,844.3900555,1568.170794,2732.549216,3479.752485,39034.47922,28139.849411326017,45957.39,10322.308822652034
2032,Gadag,Groundnut,1530.8801143545018,768.2094352,1138.693697,915.7056832,844.3900555,1568.170794,2732.549216,3479.752485,39034.47922,53270.83882162162,67803.33,38738.347643243236
2032,Gadag,Arecanut,4573.401168563619,768.2094352,1138.693697,915.7056832,844.3900555,1568.170794,2732.549216,3479.752485,39034.47922,1785203.328790203,503137.23,3067269.427580406
2033,Gadag,Rice,6462.60427391594,871.6349687,902.7020851,974.0501135,629.5520781,2528.572304,4721.092721,1929.058746,39705.68785,56330.31874015206,92006.24,20654.39748030412
2033,Gadag,Sorghum,2394.2964840615123,871.6349687,902.7020851,974.0501135,629.5520781,2528.572304,4721.092721,1929.058746,39705.68785,21613.36428509926,60413.47,-17186.741429801485
2033,Gadag,Maize,5477.603244432783,871.6349687,902.7020851,974.0501135,629.5520781,2528.572304,4721.092721,1929.058746,39705.68785,53354.6006194772,60413.47,46295.731238954395
2033,Gadag,Finger millet,2052.651628099247,871.6349687,902.7020851,974.0501135,629.5520781,2528.572304,4721.092721,1929.058746,39705.68785,12922.510980852294,79299.73,-53454.70803829541
2033,Gadag,Chickpea,916.1932719467508,871.6349687,902.7020851,974.0501135,629.5520781,2528.572304,4721.092721,1929.058746,39705.68785,23166.60932555694,40870.34,5462.878651113882
2033,Gadag,Pigeonpea,991.9449510766426,871.6349687,902.7020851,974.0501135,629.5520781,2528.572304,4721.092721,1929.058746,39705.68785,46830.640881606385,45957.39,47703.89176321277
2033,Gadag,Groundnut,1539.847790064378,871.6349687,902.7020851,974.0501135,629.5520781,2528.572304,4721.092721,1929.058746,39705.68785,29704.568469324597,67803.33,-8394.193061350808
2033,Gadag,Arecanut,3968.486099305545,871.6349687,902.7020851,974.0501135,629.5520781,2528.572304,4721.092721,1929.058746,39705.68785,1575714.702960901,503137.23,2648292.175921802
2034,Gadag,Rice,6520.591227591889,937.8293636,955.1558054,784.0606991,1181.456938,1977.525705,2781.606477,1477.981894,40797.7556,61152.01921268244,92006.24,30297.798425364876
2034,Gadag,Sorghum,2646.590165580762,937.8293636,955.1558054,784.0606991,1181.456938,1977.525705,2781.606477,1477.981894,40797.7556,25279.059611690118,60413.47,-9855.350776619765
2034,Gadag,Maize,5671.678870840262,937.8293636,955.1558054,784.0606991,1181.456938,1977.525705,2781.606477,1477.981894,40797.7556,44469.40500541714,60413.47,28525.340010834276
2034,Gadag,Finger millet,2096.488193961796,937.8293636,955.1558054,784.0606991,1181.456938,1977.525705,2781.606477,1477.981894,40797.7556,24769.105221912534,79299.73,-29761.519556174928
2034,Gadag,Chickpea,958.7536259835884,937.8293636,955.1558054,784.0606991,1181.456938,1977.525705,2781.606477,1477.981894,40797.7556,18959.599401445023,40870.34,-2951.1411971099515
2034,Gadag,Pigeonpea,1089.686802009804,937.8293636,955.1558054,784.0606991,1181.456938,1977.525705,2781.606477,1477.981894,40797.7556,30310.798663718873,45957.39,14664.207327437747
2034,Gadag,Groundnut,1516.6945131613456,937.8293636,955.1558054,784.0606991,1181.456938,1977.525705,2781.606477,1477.981894,40797.7556,22416.470291816135,67803.33,-22970.389416367732
2034,Gadag,Arecanut,5530.291694697961,937.8293636,955.1558054,784.0606991,1181.456938,1977.525705,2781.606477,1477.981894,40797.7556,2256234.889569972,503137.23,4009332.5491399444
2035,Gadag,Rice,6438.255594660608,706.2026807,961.400924,1283.067654,783.3852323,2838.447872,4268.485496,3160.138476,40314.23924,45467.133599810935,92006.24,-1071.9728003781347
2035,Gadag,Sorghum,2288.358552509036,706.2026807,961.400924,1283.067654,783.3852323,2838.447872,4268.485496,3160.138476,40314.23924,22000.300268254898,60413.47,-16412.869463490206
2035,Gadag,Maize,5396.1110314587895,706.2026807,961.400924,1283.067654,783.3852323,2838.447872,4268.485496,3160.138476,40314.23924,69235.75521857348,60413.47,78058.04043714696
2035,Gadag,Finger millet,2034.2446862928664,706.2026807,961.400924,1283.067654,783.3852323,2838.447872,4268.485496,3160.138476,40314.23924,15935.972461265777,79299.73,-47427.78507746844
2035,Gadag,Chickpea,898.3222105485698,706.2026807,961.400924,1283.067654,783.3852323,2838.447872,4268.485496,3160.138476,40314.23924,25498.40766901924,40870.34,10126.475338038486
2035,Gadag,Pigeonpea,950.9032196641992,706.2026807,961.400924,1283.067654,783.3852323,2838.447872,4268.485496,3160.138476,40314.23924,40589.16601236337,45957.39,35220.94202472674
2035,Gadag,Groundnut,1549.5698340291683,706.2026807,961.400924,1283.067654,783.3852323,2838.447872,4268.485496,3160.138476,40314.23924,48968.55253764509,67803.33,30133.775075290177
2035,Gadag,Arecanut,3312.685076994442,706.2026807,961.400924,1283.067654,783.3852323,2838.447872,4268.485496,3160.138476,40314.23924,1335483.7872073175,503137.23,2167830.344414635
2036,Gadag,Rice,6593.281943146164,1118.487148,787.142583,895.1314919,882.8526526,3021.103604,3686.37385,2067.463797,40306.5789,73745.0111654945,92006.24,55483.78233098901
2036,Gadag,Sorghum,2962.857999582585,1118.487148,787.142583,895.1314919,882.8526526,3021.103604,3686.37385,2067.463797,40306.5789,23321.916988536486,60413.47,-13769.636022927029
2036,Gadag,Maize,5914.966287420914,1118.487148,787.142583,895.1314919,882.8526526,3021.103604,3686.37385,2067.463797,40306.5789,52946.72597397287,60413.47,45479.98194794574
2036,Gadag,Finger millet,2151.440405416085,1118.487148,787.142583,895.1314919,882.8526526,3021.103604,3686.37385,2067.463797,40306.5789,18994.048688324103,79299.73,-41311.63262335179
2036,Gadag,Chickpea,1012.1060163586694,1118.487148,787.142583,895.1314919,882.8526526,3021.103604,3686.37385,2067.463797,40306.5789,30576.771336512593,40870.34,20283.20267302519
2036,Gadag,Pigeonpea,1212.2130709984367,1118.487148,787.142583,895.1314919,882.8526526,3021.103604,3686.37385,2067.463797,40306.5789,44686.7056555683,45957.39,43416.0213111366
2036,Gadag,Groundnut,1487.670255827308,1118.487148,787.142583,895.1314919,882.8526526,3021.103604,3686.37385,2067.463797,40306.5789,30757.043957966875,67803.33,-6289.242084066253
2036,Gadag,Arecanut,7488.124605186446,1118.487148,787.142583,895.1314919,882.8526526,3021.103604,3686.37385,2067.463797,40306.5789,3018206.8521197885,503137.23,5533276.474239577
2037,Gadag,Rice,6517.782810147302,1146.692384,696.1188492,750.8259112,1400.71265,2925.103373,3912.335134,2742.464356,40361.27628,74738.91908962029,92006.24,57471.59817924058
2037,Gadag,Sorghum,2634.371107130178,1146.692384,696.1188492,750.8259112,1400.71265,2925.103373,3912.335134,2742.464356,40361.27628,18338.353834611895,60413.47,-23736.76233077621
2037,Gadag,Maize,5662.279422512319,1146.692384,696.1188492,750.8259112,1400.71265,2925.103373,3912.335134,2742.464356,40361.27628,42513.861068768216,60413.47,24614.25213753643
2037,Gadag,Finger millet,2094.36510646582,1146.692384,696.1188492,750.8259112,1400.71265,2925.103373,3912.335134,2742.464356,40361.27628,29336.036983452712,79299.73,-20627.656033094572
2037,Gadag,Chickpea,956.6923478313888,1146.692384,696.1188492,750.8259112,1400.71265,2925.103373,3912.335134,2742.464356,40361.27628,27984.240135648844,40870.34,15098.140271297692
2037,Gadag,Pigeonpea,1084.9529799718175,1146.692384,696.1188492,750.8259112,1400.71265,2925.103373,3912.335134,2742.464356,40361.27628,42446.9966228174,45957.39,38936.603245634804
2037,Gadag,Groundnut,1517.8158699947671,1146.692384,696.1188492,750.8259112,1400.71265,2925.103373,3912.335134,2742.464356,40361.27628,41625.55922431779,67803.33,15447.788448635576
2037,Gadag,Arecanut,5454.650506446119,1146.692384,696.1188492,750.8259112,1400.71265,2925.103373,3912.335134,2742.464356,40361.27628,2201566.561015137,503137.23,3899995.892030274
2038,Gadag,Rice,6554.9285265879,1221.613486,853.3540076,817.6992585,940.4823345,3336.72651,2586.845164,2459.630964,40745.73841,80075.89087845889,92006.24,68145.54175691777
2038,Gadag,Sorghum,2795.987280413576,1221.613486,853.3540076,817.6992585,940.4823345,3336.72651,2586.845164,2459.630964,40745.73841,23859.669509395506,60413.47,-12694.13098120899
2038,Gadag,Maize,5786.60183866907,1221.613486,853.3540076,817.6992585,940.4823345,3336.72651,2586.845164,2459.630964,40745.73841,47317.00032714436,60413.47,34220.53065428871
2038,Gadag,Finger millet,2122.446261657374,1221.613486,853.3540076,817.6992585,940.4823345,3336.72651,2586.845164,2459.630964,40745.73841,19961.232150143253,79299.73,-39377.26569971349
2038,Gadag,Chickpea,983.955977707492,1221.613486,853.3540076,817.6992585,940.4823345,3336.72651,2586.845164,2459.630964,40745.73841,32831.91995489557,40870.34,24793.49990979115
2038,Gadag,Pigeonpea,1147.5651858040455,1221.613486,853.3540076,817.6992585,940.4823345,3336.72651,2586.845164,2459.630964,40745.73841,29685.734512719566,45957.39,13414.079025439132
2038,Gadag,Groundnut,1502.984170724671,1221.613486,853.3540076,817.6992585,940.4823345,3336.72651,2586.845164,2459.630964,40745.73841,36967.864047162635,67803.33,6132.398094325268
2038,Gadag,Arecanut,6455.1236146902565,1221.613486,853.3540076,817.6992585,940.4823345,3336.72651,2586.845164,2459.630964,40745.73841,2630187.782083828,503137.23,4757238.334167656
2039,Gadag,Rice,6495.087801901504,1032.7424,954.8542774,893.1478551,627.0795504,2807.013976,2391.447097,1553.188935,40735.73574,67077.52564746483,92006.24,42148.81129492966
2039,Gadag,Sorghum,2535.6280827174764,1032.7424,954.8542774,893.1478551,627.0795504,2807.013976,2391.447097,1553.188935,40735.73574,24211.553206783432,60413.47,-11990.363586433137
2039,Gadag,Maize,5586.321855121548,1032.7424,954.8542774,893.1478551,627.0795504,2807.013976,2391.447097,1553.188935,40735.73574,49894.113828000634,60413.47,39374.75765600127
2039,Gadag,Finger millet,2077.2082951375723,1032.7424,954.8542774,893.1478551,627.0795504,2807.013976,2391.447097,1553.188935,40735.73574,13025.748438020195,79299.73,-53248.23312395961
2039,Gadag,Chickpea,940.035021923082,1032.7424,954.8542774,893.1478551,627.0795504,2807.013976,2391.447097,1553.188935,40735.73574,26386.914444675578,40870.34,11903.48888935116
2039,Gadag,Pigeonpea,1046.698649087596,1032.7424,954.8542774,893.1478551,627.0795504,2807.013976,2391.447097,1553.188935,40735.73574,25031.244457943536,45957.39,4105.0989158870725
2039,Gadag,Groundnut,1526.8776291823262,1032.7424,954.8542774,893.1478551,627.0795504,2807.013976,2391.447097,1553.188935,40735.73574,23715.29438745022,67803.33,-20372.741225099562
2039,Gadag,Arecanut,4843.3890309106655,1032.7424,954.8542774,893.1478551,627.0795504,2807.013976,2391.447097,1553.188935,40735.73574,1972990.1564919155,503137.23,3442843.082983831
2040,Gadag,Rice,6479.135565948454,1068.358051,1268.039654,1254.76065,1110.979697,2247.62051,3024.718137,2305.951391,39708.83787,69220.36645401471,92006.24,46434.492908029424
2040,Gadag,Sorghum,2466.221982173732,1068.358051,1268.039654,1254.76065,1110.979697,2247.62051,3024.718137,2305.951391,39708.83787,31272.672689627732,60413.47,2131.8753792554635
2040,Gadag,Maize,5532.93156663547,1068.358051,1268.039654,1254.76065,1110.979697,2247.62051,3024.718137,2305.951391,39708.83787,69425.0480895704,60413.47,78436.62617914079
2040,Gadag,Finger millet,2065.148836971885,1068.358051,1268.039654,1254.76065,1110.979697,2247.62051,3024.718137,2305.951391,39708.83787,22943.38429158927,79299.73,-33412.961416821454
2040,Gadag,Chickpea,928.3266501807929,1068.358051,1268.039654,1254.76065,1110.979697,2247.62051,3024.718137,2305.951391,39708.83787,20865.260189259454,40870.34,860.1803785189113
2040,Gadag,Pigeonpea,1019.8098237616988,1068.358051,1268.039654,1254.76065,1110.979697,2247.62051,3024.718137,2305.951391,39708.83787,30846.37270222784,45957.39,15735.35540445568
2040,Gadag,Groundnut,1533.2471056391769,1068.358051,1268.039654,1254.76065,1110.979697,2247.62051,3024.718137,2305.951391,39708.83787,35355.93295995384,67803.33,2908.5359199076775
2040,Gadag,Arecanut,4413.735638361009,1068.358051,1268.039654,1254.76065,1110.979697,2247.62051,3024.718137,2305.951391,39708.83787,1752643.1286471826,503137.23,3002149.027294365
2041,Gadag,Rice,6420.601710954116,1092.536799,1026.219871,722.2216572,578.8177094,2506.754306,3210.802111,1966.925597,38774.52806,70147.43640939733,92006.24,48288.63281879465
2041,Gadag,Sorghum,2211.5488042626703,1092.536799,1026.219871,722.2216572,578.8177094,2506.754306,3210.802111,1966.925597,38774.52806,22695.353286206417,60413.47,-15022.763427587168
2041,Gadag,Maize,5337.025524777257,1092.536799,1026.219871,722.2216572,578.8177094,2506.754306,3210.802111,1966.925597,38774.52806,38545.1541902333,60413.47,16676.838380466594
2041,Gadag,Finger millet,2020.898828530548,1092.536799,1026.219871,722.2216572,578.8177094,2506.754306,3210.802111,1966.925597,38774.52806,11697.32030859195,79299.73,-55905.08938281609
2041,Gadag,Chickpea,885.3648900990037,1092.536799,1026.219871,722.2216572,578.8177094,2506.754306,3210.802111,1966.925597,38774.52806,22193.92250636894,40870.34,3517.5050127378854
2041,Gadag,Pigeonpea,921.1461250033204,1092.536799,1026.219871,722.2216572,578.8177094,2506.754306,3210.802111,1966.925597,38774.52806,29576.179227001314,45957.39,13194.968454002628
2041,Gadag,Groundnut,1556.618751621124,1092.536799,1026.219871,722.2216572,578.8177094,2506.754306,3210.802111,1966.925597,38774.52806,30617.532673337737,67803.33,-6568.264653324528
2041,Gadag,Arecanut,2837.199944471596,1092.536799,1026.219871,722.2216572,578.8177094,2506.754306,3210.802111,1966.925597,38774.52806,1100110.8885874434,503137.23,1697084.5471748868
2042,Gadag,Rice,6404.380821719236,1047.553289,1107.622156,974.5289731,870.5604111,3206.425728,3051.887251,2296.721801,39452.27123,67089.30193800508,92006.24,42172.36387601016
2042,Gadag,Sorghum,2140.973828286973,1047.553289,1107.622156,974.5289731,870.5604111,3206.425728,3051.887251,2296.721801,39452.27123,23713.900476267907,60413.47,-12985.669047464187
2042,Gadag,Maize,5282.736084832915,1047.553289,1107.622156,974.5289731,870.5604111,3206.425728,3051.887251,2296.721801,39452.27123,51481.79371910536,60413.47,42550.11743821071
2042,Gadag,Finger millet,2008.6362757627708,1047.553289,1107.622156,974.5289731,870.5604111,3206.425728,3051.887251,2296.721801,39452.27123,17486.392219784106,79299.73,-44326.945560431785
2042,Gadag,Chickpea,873.4593364379707,1047.553289,1107.622156,974.5289731,870.5604111,3206.425728,3051.887251,2296.721801,39452.27123,28006.82488716517,40870.34,15143.309774330344
2042,Gadag,Pigeonpea,893.8044621448244,1047.553289,1107.622156,974.5289731,870.5604111,3206.425728,3051.887251,2296.721801,39452.27123,27277.904429067017,45957.39,8598.418858134035
2042,Gadag,Groundnut,1563.0954971002432,1047.553289,1107.622156,974.5289731,870.5604111,3206.425728,3051.887251,2296.721801,39452.27123,35899.955052350604,67803.33,3996.5801047012064
2042,Gadag,Arecanut,2400.310713993108,1047.553289,1107.622156,974.5289731,870.5604111,3206.425728,3051.887251,2296.721801,39452.27123,946977.0932473105,503137.23,1390816.956494621
2043,Gadag,Rice,6402.945256167074,881.6621617,1118.417691,815.9082606,1003.035152,2401.242685,3625.182719,2223.931519,39432.67247,56452.34555799022,92006.24,20898.45111598044
2043,Gadag,Sorghum,2134.7278695797568,881.6621617,1118.417691,815.9082606,1003.035152,2401.242685,3625.182719,2223.931519,39432.67247,23875.17414808741,60413.47,-12663.121703825178
2043,Gadag,Maize,5277.931412986522,881.6621617,1118.417691,815.9082606,1003.035152,2401.242685,3625.182719,2223.931519,39432.67247,43063.07838735934,60413.47,25712.686774718677
2043,Gadag,Finger millet,2007.5510271009932,881.6621617,1118.417691,815.9082606,1003.035152,2401.242685,3625.182719,2223.931519,39432.67247,20136.44249616001,79299.73,-39026.84500767998
2043,Gadag,Chickpea,872.4056825680925,881.6621617,1118.417691,815.9082606,1003.035152,2401.242685,3625.182719,2223.931519,39432.67247,20948.577636190643,40870.34,1026.815272381289
2043,Gadag,Pigeonpea,891.3846965715481,881.6621617,1118.417691,815.9082606,1003.035152,2401.242685,3625.182719,2223.931519,39432.67247,32314.32397992235,45957.39,18671.257959844697
2043,Gadag,Groundnut,1563.6686958050311,881.6621617,1118.417691,815.9082606,1003.035152,2401.242685,3625.182719,2223.931519,39432.67247,34774.920978744325,67803.33,1746.5119574886485
2043,Gadag,Arecanut,2361.6455631309136,881.6621617,1118.417691,815.9082606,1003.035152,2401.242685,3625.182719,2223.931519,39432.67247,931259.9598117003,503137.23,1359382.6896234006
2044,Gadag,Rice,6554.921971159459,1236.714834,387.9479042,1011.319028,923.4441906,2658.266639,1989.386611,1960.896144,38780.92502,81065.69237445424,92006.24,70125.14474890848
2044,Gadag,Sorghum,2795.9587585983973,1236.714834,387.9479042,1011.319028,923.4441906,2658.266639,1989.386611,1960.896144,38780.92502,10846.863406278819,60413.47,-38719.743187442364
2044,Gadag,Maize,5786.579898408364,1236.714834,387.9479042,1011.319028,923.4441906,2658.266639,1989.386611,1960.896144,38780.92502,58520.78358302685,60413.47,56628.0971660537
2044,Gadag,Finger millet,2122.441305931088,1236.714834,387.9479042,1011.319028,923.4441906,2658.266639,1989.386611,1960.896144,38780.92502,19599.560938515406,79299.73,-40100.608122969184
2044,Gadag,Chickpea,983.951166257025,1236.714834,387.9479042,1011.319028,923.4441906,2658.266639,1989.386611,1960.896144,38780.92502,26156.04559666192,40870.34,11441.751193323842
2044,Gadag,Pigeonpea,1147.5541360821867,1236.714834,387.9479042,1011.319028,923.4441906,2658.266639,1989.386611,1960.896144,38780.92502,22829.28833719574,45957.39,-298.81332560852024
2044,Gadag,Groundnut,1502.986788203954,1236.714834,387.9479042,1011.319028,923.4441906,2658.266639,1989.386611,1960.896144,38780.92502,29472.009974720782,67803.33,-8859.310050558437
2044,Gadag,Arecanut,6454.947052478044,1236.714834,387.9479042,1011.319028,923.4441906,2658.266639,1989.386611,1960.896144,38780.92502,2503288.17650221,503137.23,4503439.12300442
2045,Gadag,Rice,6462.56090943643,776.0437885,1270.032505,709.8826246,1109.183992,2136.552295,4196.455683,2620.382343,38819.07739,50152.30251571052,92006.24,8298.365031421039
2045,Gadag,Sorghum,2394.107810860227,776.0437885,1270.032505,709.8826246,1109.183992,2136.552295,4196.455683,2620.382343,38819.07739,30405.947402668797,60413.47,398.42480533759226
2045,Gadag,Maize,5477.458108535977,776.0437885,1270.032505,709.8826246,1109.183992,2136.552295,4196.455683,2620.382343,38819.07739,38883.52338224071,60413.47,17353.57676448142
2045,Gadag,Finger millet,2052.618845727668,776.0437885,1270.032505,709.8826246,1109.183992,2136.552295,4196.455683,2620.382343,38819.07739,22767.31965358647,79299.73,-33765.090692827056
2045,Gadag,Chickpea,916.1614439667728,776.0437885,1270.032505,709.8826246,1109.183992,2136.552295,4196.455683,2620.382343,38819.07739,19574.268356977223,40870.34,-1721.8032860455496
2045,Gadag,Pigeonpea,991.8718566265396,776.0437885,1270.032505,709.8826246,1109.183992,2136.552295,4196.455683,2620.382343,38819.07739,41623.46289548204,45957.39,37289.53579096407
2045,Gadag,Groundnut,1539.8651048177526,776.0437885,1270.032505,709.8826246,1109.183992,2136.552295,4196.455683,2620.382343,38819.07739,40350.35331266284,67803.33,12897.376625325676
2045,Gadag,Arecanut,3967.3181316430455,776.0437885,1270.032505,709.8826246,1109.183992,2136.552295,4196.455683,2620.382343,38819.07739,1540076.295830016,503137.23,2577015.361660032
2046,Gadag,Rice,6404.379462086491,906.6156226,1430.949929,876.8538871,432.094636,2589.406526,1412.502017,3072.776279,39451.62203,58063.104733861976,92006.24,24119.969467723946
2046,Gadag,Sorghum,2140.967912702019,906.6156226,1430.949929,876.8538871,432.094636,2589.406526,1412.502017,3072.776279,39451.62203,30636.178826722327,60413.47,858.8876534446536
2046,Gadag,Maize,5282.731534299392,906.6156226,1430.949929,876.8538871,432.094636,2589.406526,1412.502017,3072.776279,39451.62203,46321.83680356168,60413.47,32230.20360712336
2046,Gadag,Finger millet,2008.6352479172544,906.6156226,1430.949929,876.8538871,432.094636,2589.406526,1412.502017,3072.776279,39451.62203,8679.205163055758,79299.73,-61941.31967388848
2046,Gadag,Chickpea,873.4583385160709,906.6156226,1430.949929,876.8538871,432.094636,2589.406526,1412.502017,3072.776279,39451.62203,22617.387219426313,40870.34,4364.43443885263
2046,Gadag,Pigeonpea,893.8021703703366,906.6156226,1430.949929,876.8538871,432.094636,2589.406526,1412.502017,3072.776279,39451.62203,12624.973684470782,45957.39,-20707.442631058435
2046,Gadag,Groundnut,1563.0960399801745,906.6156226,1430.949929,876.8538871,432.094636,2589.406526,1412.502017,3072.776279,39451.62203,48030.44433449916,67803.33,28257.558668998317
2046,Gadag,Arecanut,2400.274093996819,906.6156226,1430.949929,876.8538871,432.094636,2589.406526,1412.502017,3072.776279,39451.62203,946947.0632476319,503137.23,1390756.8964952638
